Workbook
Name mono__tri?: '11'!#REF!
Name mono__tri?: '11'!#REF!
Name mono__tri?: '11'!#REF!
Name mono__tri?: '11'!#REF!
Name mono__tri?: '11'!#REF!

Sheet Índice RTIEBT (Portaria 949)
A1: Índice das RTIEBT (Portaria n.º 949-A/2006, de 11 de Setembro - Diário da República, 1.ª Série - n.º 175 )
A2: Partes (Capítulos) | B2: Subdivisão das Partes | C2: Secção/ Anexos | D2: Designação | E2: Página
A3: 1- Generalidades | B3: 11 - Campo de aplicação | E3: 2
B4: 12 - Objectivo | E4: 2
B5: 13 - Princípios fundamentais | C5: 131 | D5: Protecção para garantir a segurança | E5: 3
C6: 132 | D6: Concepção das instalações | E6: 3
C7: 133 | D7: Selecção dos equipamentos | E7: 4
C8: 134 | D8: Execução e verificação das instalações eléctricas antes da entrada em serviço | E8: 5
B9: 14 - Limites das instalações | C9: 141 | D9: Origem das instalações | E9: 5
C10: 142 | D10: Limites (a juzante) das instalações | E10: 5
A11: 2 - Definições | B11: 21 - Características das instalações | C11: 211 | D11: Características gerais | E11: 5
C12: 212 | D12: Grandezas | E12: 5
C13: 213 | D13: Instalações diversas | E13: 5
C14: 214 | D14: Disponível | E14: 5
C15: 215 | D15: Alimentações | E15: 5
C16: 216 | D16: Factores | E16: 6
C17: 217 | D17: Influências externas | E17: 6
B18: 22 - Tensões | C18: 221 | D18: Tensão nominal | E18: 6
C19: 222 | D19: Domínio das tensões em corrente alternada | E19: 6
C20: 223 | D20: Domínio das tensões em corrente contínua | E20: 6
B21: 23 - Protecção contra os choques eléctricos | C21: 231 | D21: Termos gerais | E21: 6
C22: 232 | D22: Condutores, partes activas e massas | E22: 6
C23: 233 | D23: Defeitos | E23: 7
C24: 234 | D24: Tensões | E24: 7
C25: 235 | D25: Diversos | E25: 7
C26: 236 | D26: Isolamentos | E26: 7
C27: 237 | D27: Classificação dos equipamentos relativamente à protecção contra choques eléctricos | E27: 7
B28: 24 - Ligações à terra | C28: 241 | D28: Temos gerais | E28: 8
C29: 242 | D29: Eléctrodos de terra | E29: 8
C30: 243 | D30: Diversos | E30: 8
C31: 244 | D31: Ligações equipotenciais | E31: 8
B32: 25 - Circuitos eléctricos | C32: 251 | D32: Termos gerais | E32: 8
C33: 252 | D33: Correntes | E33: 8
C34: 253 | D34: Dispositivo de seccionamento, de comando e de protecção | E34: 9
C35: 254 | D35: Características dos dispositivos de protecção | E35: 9
B36: 26 - Canalizações | C36: 261 | D36: Termos gerais | E36: 9
C37: 262 | D37: Modos de instalação | E37: 9
C38: 263 | D38: Diversos | E38: 10
B39: 27 - Equipamentos | C39: 270 | D39: Termos gerais | E39: 10
C40: 271 | D40: Possibilidades de deslocamento | E40: 10
B41: 28 - Seccionamento e comando | C41: 281 | D41: Termos gerais | E41: 10
B42: 29 - Competência de pessoas | C42: 291 | D42: Termos gerais | E42: 10
A43: 3 - Determinação das características gerais das instalações | B43: 31 - Alimentação e estrutura das instalações | C43: 311 | D43: Potência a alimentar e factor de simultaneidade | E43: 11
C44: 312 | D44: Tipos de sistemas de distribuição | E44: 11
C45: 313 | D45: Alimentação | E45: 15
C46: 314 | D46: Estrutura | E46: 15
B47: 32 - Influências externas | C47: 320 | D47: Generalidades | E47: 15
C48: 321 | D48: Ambientes | E48: 15
C49: 322 | D49: Utilizações | E49: 18
C50: 323 | D50: Construção | E50: 19
B51: 33 - Compatibilidade | C51: 331 | D51: Perturbações de baixa frequência | E51: 20
C52: 332 | D52: Perturbações de alta frequência | E52: 20
B53: 34 - Manutibilidade | C53: 341 | D53: Generalidades | E53: 20
C54: 342 | D54: Selecção e Instalação dos equipamentos em função da manutenção | E54: 20
B55: 35 - Serviços de segurança | C55: 351 | D55: Generalidades | E55: 20
C56: 352 | D56: Classificação | E56: 20
B57: 36 - Instalações temporárias | C57: 361 | D57: Generalidades | E57: 21
C58: 362 | D58: Instalações para reparações | E58: 21
C59: 363 | D59: Instalações para trabalhos | E59: 21
C60: 364 | D60: Instalações semi-permanentes | E60: 21
A61: 4 - Protecção para garantir a segurança (continua) | B61: 41 - Protecção contra os choques eléctricos | C61: 410 | D61: Generalidades | E61: 25
C62: 411 | D62: Protecção contra os contactos directos e contra os contactos indirectos | E62: 25
C63: 412 | D63: Protecção contra os contactos directos | E63: 26
C64: 413 | D64: Protecção contra os contactos indirectos | E64: 27
B65: 42 - Protecção contra os efeitos térmicos em serviço normal | C65: 421 | D65: Generalidades | E65: 32
C66: 422 | D66: Protecção contra incêndios | E66: 32
C67: 423 | D67: Protecção contra queimaduras | E67: 33
C68: 424 | D68: Protecção contra sobreaquecimento | E68: 33
B69: 43 - Protecção contra sobreintensidades | C69: 431 | D69: Generalidades | E69: 33
C70: 432 | D70: Natureza dos dispositivos de protecção | E70: 33
C71: 433 | D71: Protecção contra sobrecargas | E71: 34
C72: 434 | D72: Protecção contra curto-circuitos | E72: 34
C73: 435 | D73: Coordenação entre a protecção contra sobrecargas e a protecção contra curto-circuitos | E73: 34
B74: 44 - Protecção contra sobretensões | C74: 441 | D74: Generalidades | E74: 35
C75: 442 | D75: Protecção das instalações de BT contra defeitos à terra nas instalações AT | E75: 35
C76: 443 | D76: Sobretensões de origem atmosférica e sobretensões de manobra | E76: 39
B77: 45 - Protecção contra abaixamentos de tensão | C77: 451 | D77: Regras gerais | E77: 40
B78: 46 - Seccionamento e comando | C78: 460 | D78: Introdução | E78: 40
C79: 461 | D79: Generalidades | E79: 40
C80: 462 | D80: Seccionamento | E80: 41
C81: 463 | D81: Corte para manutenção mecânica | E81: 41
C82: 464 | D82: Corte de emergência incluindo paragem de emergência | E82: 41
C83: 465 | D83: Comando funcional | E83: 41
A84: (continuação) 4 - Protecção para garantir a segurança | B84: 47 - Aplicação das medidas de protecção para garantir a segurança | C84: 470 | D84: Generalidades | E84: 42
C85: 471 | D85: Medidas de protecção contra os choques eléctricos | E85: 42
C86: 472 | D86: Disponível | E86: 43
C87: 473 | D87: Medidas de protecção contra as sobreintensidades | E87: 43
C88: 474 | D88: Disponível | E88: 44
C89: 475 | D89: Disponível | E89: 44
C90: 476 | D90: Comando e seccionamento | E90: 44
B91: 48 - Selecção das medidas de protecção em função das influências externas | C91: 481 | D91: Protecção contra os choques eléctricos | E91: 44
C92: 482 | D92: Protecção contra o incêndio | E92: 46
C93: Anexo I | D93: Protecção por isolamento suplementar | E93: 48
C94: Anexo II | D94: Qualificação dos materiais e dos elementos de construção | E94: 49
C95: Anexo III | D95: Protecção contra as sobretensões de origem atmosférica | E95: 50
C96: Anexo IV | D96: Tensões nominais de alimentação | E96: 51
C97: Anexo V | D97: Selecção das medidas de protecção contra os choques eléctricos, para os equipamentos utilizados nos conjuntos de aparelhagem | E97: 51
A98: 5 - Selecção e instalação dos equipamentos | B98: 51 - Regras comuns a todos os equipamentos | C98: 510 | D98: Generalidades | E98: 52
C99: 511 | D99: Qualidade do equipamento utilizado | E99: 53
C100: 512 | D100: Selecção dos equipamentos em função das condições de serviço e das influências externas | E100: 53
...

Sheet 1.1_ligacao_bt
C4: S | D4: kVA | E4: 41.4
C5: Uc | D5: V | E5: 400
C6: I | D6: A | E6: =E4*1000/(SQRT(3)*E5) -> 59.755753
C8: In | D8: A | E8: 80
C9: Z | D9: W/km | E9: 1.082
C10: L | D10: km | E10: 0.21
C11: DU | D11: V | E11: =E8*E9*E10 -> 18.1776
C12: Du | D12: % | E12: =E11/(E5/SQRT(3)) -> 0.078711317

Sheet 11
A1: Balanço de potência industrial
C3: Us = | D3: =D4/SQRT(3) -> 230.94011 | E3: V | S3: Exame 03/Fev/2016
C4: Uc = | D4: 400 | E4: V
B6: Saída 3 - Escritório | S6: P (kW) | T6: Q (kvar) | U6: S (kVA)
C7: BALANÇO DE POTÊNCIA MONOFÁSICO | S7: 31.7 | T7: 18.8
C8: Designação | D8: Obs | E8: Pinst (kW) | F8: cos j | G8: Ku | H8: Ks | I8: P (kW) | J8: Q (kVAr) | S8: 7.3 | T8: 0
C9: Tomadas | D9: 3x(10x16) | E9: =$D$3*3*10*16/1000 -> 110.85125 | F9: 1 | G9: 1 | H9: 0.2 | I9: =E9*G9*H9 -> 22.17025 | J9: =I9*TAN(ACOS(F9)) -> 0 | S9: 33 | T9: 13.5
C10: Aquecimento | D10: 12x1kW | E10: =12*1 -> 12 | F10: 1 | G10: 1 | H10: 1 | I10: =E10*G10*H10 -> 12 | J10: =I10*TAN(ACOS(F10)) -> 0 | S10: 46.4 | T10: 7.2
C11: Iluminação | D11: 6x16lum (2x36W)+25% | E11: =6*16*2*36*1.25/1000 -> 8.64 | F11: 0.6 | G11: 1 | H11: 1 | I11: =E11*G11*H11 -> 8.64 | J11: =I11*TAN(ACOS(F11)) -> 11.52 | S11: 12.1 | T11: 5.4
C12: TOTAL | I12: =SUM(I9:I11) -> 42.81025 | J12: =SUM(J9:J11) -> 11.52 | M12: Ib (A) | N12: cos j | S12: 9.1 | T12: 4.3
M13: =N18*1000/(3*D3) -> 93.947477 | N13: =L18/N18 -> 0.96919675 | S13: 42 | T13: 54.7
C14: BALANÇO DE POTÊNCIA TRIFÁSICO | S14: =7*22/0.9*0.7 -> 119.77778 | T14: =S14*TAN(ACOS(0.83)) -> 80.491156
C15: Designação | D15: Obs | E15: Pinst (kW) | F15: cos j | G15: Ku | H15: Ks | I15: Pu (kW) | J15: Qu (kVAr)
C16: Aquecimento | D16: 6 kW | E16: 6 | F16: 1 | G16: 1 | H16: 1 | I16: =E16*G16*H16 -> 6 | J16: =I16*TAN(ACOS(F16)) -> 0 | L16: Ptotal (kW) | M16: Qtotal (kVAr) | N16: Stotal (kVA) | S16: =SUM(S7:S15) -> 301.37778 | T16: =SUM(T7:T15) -> 184.39116 | U16: =SQRT(S16^2+T16^2) -> 353.311
C17: UPS | D17: Iamont=18A | E17: =SQRT(3)*D4*18*0.95/1000 -> 11.847228 | F17: 0.95 | G17: 1 | H17: 1 | I17: =E17*G17*H17 -> 11.847228 | J17: =I17*TAN(ACOS(F17)) -> 3.8939954 | L17: =I12+I18 -> 60.657478 | M17: =J12+J18 -> 15.413995 | N17: =SQRT(L17^2+M17^2) -> 62.585309 | O17: Sem perdas | U17: 0.9
C18: TOTAL | I18: =SUM(I16:I17) -> 17.847228 | J18: =SUM(J16:J17) -> 3.8939954 | L18: =L17*1.04 -> 63.083777 | M18: =M17*1.04 -> 16.030555 | N18: =SQRT(L18^2+M18^2) -> 65.088721 | O18: Com perdas | U18: =U16*0.9 -> 317.9799
C20: Considerando as cargas das saídas monofásicas repartidas sobre as 3 fases de forma equilibrada na saída do transformador. | T20: Sn | U20: 1000
T21: FC | U21: =U18/U20 -> 0.3179799
B24: Saída 4 - Estação de bombagem
C25: Motor | D25: Pn (kW) | E25: h | F25: cos j | G25: Ku | H25: P (kW) | I25: Q (kVAr) | J25: S (kVAr) | K25: Ib(A)
C26: M1 | D26: 11 | E26: 0.87 | F26: 0.86 | G26: 1 | H26: =D26/E26*G26 -> 12.643678 | I26: =H26*TAN(ACOS(F26)) -> 7.502318 | J26: =SQRT(H26^2+I26^2) -> 14.701951 | K26: =J26*1000/(3*$D$3) -> 21.220439
C27: M2 | D27: 22 | E27: 0.89 | F27: 0.86 | G27: 1 | H27: =D27/E27*G27 -> 24.719101 | I27: =H27*TAN(ACOS(F27)) -> 14.667453 | J27: =SQRT(H27^2+I27^2) -> 28.743141 | K27: =J27*1000/(3*$D$3) -> 41.48715
C28: M3 | D28: 37 | E28: 0.9 | F28: 0.86 | G28: 1 | H28: =D28/E28*G28 -> 41.111111 | I28: =H28*TAN(ACOS(F28)) -> 24.393901 | J28: =SQRT(H28^2+I28^2) -> 47.803618 | K28: =J28*1000/(3*$D$3) -> 68.998579 | L28: Ib (A) | M28: cos j | N28: In
C29: TOTAL | H29: =SUM(H26:H28) -> 78.47389 | I29: =SUM(I26:I28) -> 46.563672 | J29: =SUM(J26:J28) -> 91.24871 | L29: =J29/(3*$D$3)*1000 -> 131.70617 | M29: =H29/J29 -> 0.86 | N29: 160
B32: Saída 5 - Ventilador - extrator
D33: Pn (kW) | E33: h | F33: cos j | G33: Ku | H33: P (kW) | I33: Q (kVAr) | J33: S (kVAr) | L33: Ib (A) | M33: cos j | N33: In
D34: 75 | E34: 0.92 | F34: 0.87 | G34: 0.8 | H34: =D34/E34*G34 -> 65.217391 | I34: =H34*TAN(ACOS(F34)) -> 36.960399 | J34: =SQRT(H34^2+I34^2) -> 74.962519 | L34: =J34/(3*$D$3)*1000 -> 108.19908 | M34: =H34/J34 -> 0.87 | N34: 125
B37: Saída 6 - Ponte rolante
D38: Pn (kW) | E38: h | F38: cos j | G38: Ku | H38: P (kW) | I38: Q (kVAr) | J38: S (kVAr) | L38: Ib (A) | M38: cos j | N38: In
D39: 110 | E39: 0.93 | F39: 0.87 | G39: 1 | H39: =D39/E39*G39 -> 118.27957 | I39: 0 | J39: =SQRT(H39^2+I39^2) -> 118.27957 | L39: =J39/(3*$D$3)*1000 -> 170.72185 | M39: =H39/J39 -> 1 | N39: 200
B41: Saída 7 - Oficina
E42: Stotal (kVA) | F42: Ks | G42: cos j | H42: P (kW) | I42: Q (kVAr) | J42: S (kVAr) | L42: Ib (A) | M42: cos j | N42: In
E43: 340 | F43: 0.8 | G43: 0.8 | H43: =J43*G43 -> 217.6 | I43: =SQRT(J43^2-H43^2) -> 163.2 | J43: =E43*F43 -> 272 | L43: =J43/SQRT(3)/$D$4*1000 -> 392.59818 | M43: =H43/J43 -> 0.8 | N43: 400
B45: QGBT
C47: Carga | D47: Saída | E47: P (kW) | F47: Q (kW) | G47: S (kVA) | H47: Ib (A) | I47: In (A)
C48: Escritório | D48: 3 | E48: =L18 -> 63.083777 | F48: =M18 -> 16.030555 | G48: =N18 -> 65.088721 | H48: =G48*1000/SQRT(3)/$D$4 -> 93.947477 | I48: 100
C49: Estação de bombagem | D49: 4 | E49: =H29 -> 78.47389 | F49: =I29 -> 46.563672 | G49: =J29 -> 91.24871 | H49: =G49*1000/SQRT(3)/$D$4 -> 131.70617 | I49: 160
C50: Extrator | D50: 5 | E50: =H34 -> 65.217391 | F50: =I34 -> 36.960399 | G50: =J34 -> 74.962519 | H50: =G50*1000/SQRT(3)/$D$4 -> 108.19908 | I50: 125
C51: Ponte rolante | D51: 6 | E51: =H39 -> 118.27957 | F51: =I39 -> 0 | G51: =J39 -> 118.27957 | H51: =G51*1000/SQRT(3)/$D$4 -> 170.72185 | I51: 200
C52: Oficina | D52: 7 | E52: =H43 -> 217.6 | F52: =I43 -> 163.2 | G52: =J43 -> 272 | H52: =G52*1000/SQRT(3)/$D$4 -> 392.59818 | I52: 400 | K52: Reserva | L52: Sc (kVA) | M52: Sn (kVA) | N52: IB (A) | O52: cos j
C53: TOTAL (QGBT) | D53: - | E53: =SUM(E48:E52) -> 542.65463 | F53: =SUM(F48:F52) -> 262.75463 | G53: =SUM(G48:G52) -> 621.57952 | H53: =G53*1000/SQRT(3)/$D$4 -> 897.17276 | I53: 1000 | K53: 0.7 | L53: =G53/K53 -> 887.97074 | M53: 1000 | N53: =L53*1000/(3*D3) -> 1281.6754 | O53: =E53/G53 -> 0.87302527

Sheet 12.1
B2: 1. -Fatores de Influências Externas
C4: Ordem | D4: 1.ª Letra | E4: 2.ª Letra | F4: Algarismo | G4: Estrutura do Código | H4: Situação Normal | I4: Designação da Influência
D5: Categoria Geral | E5: Natureza da Influência | F5: Classe da Influência
C6: 1 | D6: A (Ambientes) | E6: A | F6: 1 a 8 | G6: ="A"&E6&"X" -> AAX | H6: ="A"&E6&"4" -> AA4 | I6: Temperatura ambiente
C7: 2 | E7: B | F7: 1 a 8 | G7: ="A"&E7&"X" -> ABX | H7: ="A"&E7&"4" -> AB4 | I7: Condições climáticas
C8: 3 | E8: C | F8: 1 a 2 | G8: ="A"&E8&"X" -> ACX | H8: ="A"&E8&"1" -> AC1 | I8: Altitude
C9: 4 | E9: D | F9: 1 a 8 | G9: ="A"&E9&"X" -> ADX | H9: ="A"&E9&"1" -> AD1 | I9: Presença de água
C10: 5 | E10: E | F10: 1 a 6 | G10: ="A"&E10&"X" -> AEX | H10: ="A"&E10&"1" -> AE1 | I10: Presença de corpos sólidos (estranhos)
C11: 6 | E11: F | F11: 1 a 4 | G11: ="A"&E11&"X" -> AFX | H11: ="A"&E11&"1" -> AF1 | I11: Presença de corpos e substâncias corrosivas ou poluentes
C12: 7 | E12: G | F12: 1 a 3 | G12: ="A"&E12&"X" -> AGX | H12: ="A"&E12&"1" -> AG1 | I12: Ações mecânicas (impactos)
C13: 8 | E13: H | F13: 1 a 3 | G13: ="A"&E13&"X" -> AHX | H13: ="A"&E13&"1" -> AH1 | I13: Ações mecânicas (vibrações)
C14: 9 | E14: J | F14: 1 | G14: ="A"&E14&"X" -> AJX | H14: ="A"&E14&"1" -> AJ1 | I14: Ações mecânicas (outros)
C15: 10 | E15: K | F15: 1 a 2 | G15: ="A"&E15&"X" -> AKX | H15: ="A"&E15&"1" -> AK1 | I15: Presença da flora e bolores
C16: 11 | E16: L | F16: 1 a 2 | G16: ="A"&E16&"X" -> ALX | H16: ="A"&E16&"1" -> AL1 | I16: Presença de fauna
C17: 12 | E17: M | F17: 1 a 6 | G17: ="A"&E17&"X" -> AMX | H17: ="A"&E17&"1" -> AM1 | I17: Influências electromagnéticas, electrostáticas ou ionizantes
C18: 13 | E18: N | F18: 1 a 3 | G18: ="A"&E18&"X" -> ANX | H18: ="A"&E18&"1" -> AN1 | I18: Radiações solares
C19: 14 | E19: P | F19: 1 a 4 | G19: ="A"&E19&"X" -> APX | H19: ="A"&E19&"1" -> AP1 | I19: Efeitos sísmicos
C20: 15 | E20: Q | F20: 1 a 3 | G20: ="A"&E20&"X" -> AQX | H20: ="A"&E20&"1" -> AQ1 | I20: Descargas atmosféricas, nível cerâunico (N)
C21: 16 | E21: R | F21: 1 a 3 | G21: ="A"&E21&"X" -> ARX | H21: ="A"&E21&"1" -> AR1 | I21: Movimentos do ar
C22: 17 | E22: S | F22: 1 a 3 | G22: ="A"&E22&"X" -> ASX | H22: ="A"&E22&"1" -> AS1 | I22: Vento
C23: 18 | D23: B (Utilizações) | E23: A | F23: 1 a 5 | G23: ="B"&E23&"X" -> BAX | H23: ="B"&E23&"1" -> BA1 | I23: Competência das pessoas
C24: 19 | E24: B | F24: 1 a 3 | G24: ="B"&E24&"X" -> BBX | H24: ="B"&E24&"1" -> BB1 | I24: Resistência eléctrica do corpo humano
C25: 20 | E25: C | F25: 1 a 4 | G25: ="B"&E25&"X" -> BCX | H25: ="B"&E25&"2" -> BC2 | I25: Contacto das pessoas com o potencial da terra
C26: 21 | E26: D | F26: 1 a 4 | G26: ="B"&E26&"X" -> BDX | H26: ="B"&E26&"1" -> BD1 | I26: Evacuação das pessoas em caso de emergência
C27: 22 | E27: E | F27: 1 a 4 | G27: ="B"&E27&"X" -> BEX | H27: ="B"&E27&"1" -> BE1 | I27: Natureza dos produtos tratados ou armazenados
C28: 23 | D28: C (Construção dos Edifícios) | E28: A | F28: 1 a 2 | G28: ="A"&E28&"X" -> AAX | H28: ="B"&E28&"1" -> BA1 | I28: Materiais de construção
C29: 24 | E29: B | F29: 1 a 4 | G29: ="A"&E29&"X" -> ABX | H29: ="B"&E29&"1" -> BB1 | I29: Estrutura dos edifícios

Sheet 12.2
B3: 2. -Classificação dos Fatores de Influências Externas de uma VIVENDA
C5: ZONA | D5: DEPENDÊNCIA | E5: CLASSIFICAÇÃO | F5: IP | G5: IK
C6: Habitação | D6: Hall de entrada | E6: AA4 + AB4 + BC2 + XX1 | F6: IP 20 | G6: IK 04
D7: Corredores | E7: AA4 + AB4 + BC2 + XX1 | F7: IP 20 | G7: IK 04
D8: Escritórios | E8: AA4 + AB4 + BC2 + XX1 | F8: IP 20 | G8: IK 04
D9: Cozinhas | E9: AA4 + AB4 + BC2 + XX1 + AD2 | F9: IP 21 | G9: IK 04
D10: Salas de jantar | E10: AA4 + AB4 + BC2 + XX1 | F10: IP 20 | G10: IK 04
D11: Salas de estar | E11: AA4 + AB4 + BC2 + XX1 | F11: IP 20 | G11: IK 04
D12: Alpendres | E12: BC2 + XX1 + AA7 + AB7 + AD4 + AE4 + AL2 + AR2 + AS2 | F12: IP 54 | G12: IK 04
D13: Quartos | E13: AA4 + AB4 + BC2 + XX1 | F13: IP 20 | G13: IK 04
D14: Casas de Banho (Volume 0) | E14: AA4 + AB4 + XX1+ AD7 + BB3 + BC3 | F14: IP 27 | G14: IK 04
D15: Casas de Banho (Volume 1) | E15: AA4 + AB4 + XX1 + AD5 + BB3 + BC3 | F15: IP 25 | G15: IK 04
D16: Casas de Banho (Volume 2) | E16: AA4 + AB4 + XX1 + AD4 + BB3 + BC3 | F16: IP 24 | G16: IK 04
D17: Casas de Banho (Volume 3) | E17: AA4 + AB4 + XX1 + BB2 + BC3 | F17: IP 21 | G17: IK 04
D18: Terraços descobertos | E18: BC2 + XX1 + AA8 + AB8 + AD5 + AE3 + AN2 + AQ3 + AR3 + AS3 | F18: IP 45 | G18: IK 04
... D20: Varandas descobertas | E20: BC2 + XX1 + AA8 + AB8 + AD5 + AN2 + AR2 + AS2 | F20: IP 45 | G20: IK 04
C21: Anexo | D21: Garagens (h>2m) | E21: AA4 + AB4 + BC2 + XX1 + AE3 + AG3 + BE2 | F21: IP 40 | G21: IK 08
D22: Garagens (h<=2m) | E22: AA4 + AB4 + BC2 + XX1 + AE3 + AG3 + BE2 | F22: IP 40 | G22: IK 08
D23: Lavandarias | E23: AA4 + AB4 + BC2 + XX1 + AD2 + AE4 | F23: IP 51 | G23: IK 04
D24: Arrumos | E24: AA4 + AB4 + BC2 + XX1 + BB2 | F24: IP 20 | G24: IK 04
D25: Casas das máquinas | E25: AA4 + AB4 + XX1 + AG2 + AH2 + BA4 + BC3 | F25: IP 20 | G25: IK 07
D26: Churrasqueiras | E26: XX1 + AA7 + AB7 + AD2 + BC3 | F26: IP 21 | G26: IK 04
D27: Balneários (Volume 0) | E27: AA4 + AB4 + XX1+ AD7 + BB3 + BC3 | F27: IP 27 | G27: IK 04
D28: Balneários (Volume 1) | E28: AA4 + AB4 + XX1 + AD5 + BB3 + BC3 | F28: IP 25 | G28: IK 04
D29: Balneários (Volume 2) | E29: AA4 + AB4 + XX1 + AD4 + BB3 + BC3 | F29: IP 24 | G29: IK 04
D30: Balneários (Volume 3) | E30: AA4 + AB4 + XX1 + BB2 + BC3 | F30: IP 21 | G30: IK 04
C31: Jardim da frente | D31: Lago com ilum. (Volume 0) | E31: XX1 + AA8 + AB8 + AD8 + BB3 + BC3 | F31: IP 28 | G31: IK 04
D32: Lago com ilum. (Volume 1) | E32: XX1 + AA8 + AB8 + AD5 + BB3 + BC3 | F32: IP 25 | G32: IK 04
D33: Lago com ilum. (Volume 2) | E33: XX1 + AA8 + AB8 + AD4 + BB2 + BC3 | F33: IP 24 | G33: IK 04
C34: Jardim traseiro | D34: Piscina com ilum. (Volume 0) | E34: XX1 + AA8 + AB8 + AD8 + BB3 + BC3 | F34: IP 28 | G34: IK 04
D35: Piscina com ilum. (Volume 1) | E35: XX1 + AA8 + AB8 + AD5 + BB3 + BC3 | F35: IP 25 | G35: IK 04
D36: Piscina com ilum. (Volume 2) | E36: XX1 + AA8 + AB8 + AD4 + BB2 + BC3 | F36: IP 24 | G36: IK 04

Sheet 14
B3: 1. Queda de tensão da saída 5
C8: Queda de tensão | D8: u | E8: V | F8: =F11*(F12*F13/F14*F15+F16/1000*F13*SIN(ACOS(F15)))*F17 -> 6.6740772
C9: Queda de tensão | D9: Du | E9: % | F9: =F8/F10 -> 0.029017727 | M9: b
C10: Tensão simples | D10: U | E10: V | F10: 230 | L10: Trifásico equilibrado | M10: 1
C11: Sistema | D11: b | E11: mono, tri? | F11: 1 | L11: Monofásico ou trifásico desequilibrado | M11: 2
C12: Resistividade | D12: r1 | E12: W.mm2/m | F12: 0.0225
C13: Comprimento | D13: L | E13: m | F13: 75 | M13: r1
C14: Secção | D14: S | E14: mm2 | F14: 25 | L14: Cobre | M14: 0.0225
C15: Fator de potência | D15: cos j | E15: - | F15: ='11'!M34 -> 0.87 | L15: Alumínio | M15: 0.036
C16: Reatância linear | D16: l | E16: mW/m | F16: 0.08
C17: Corrente de serviço | D17: IB | E17: A | F17: ='11'!L34 -> 108.19908 | J17: Quadro 52O | L17: Iluminação | M17: Outros
K18: Alimentação BT | L18: 0.03 | M18: 0.05
K19: Alimentação MT/BT | L19: 0.06 | M19: 0.08
B26: 2. Intensidade estipulada de fusível gG
C28: Fusível gG
C29: LSVAV 4x95 mm2
M30: MR | O30: In
C31: Isolamento | D31: - | F31: PVC | G31: Anexo IIB | K31: PVC | M31: A | O31: 2
C32: Condutor | F32: Alumínio | G32: Anexo IIB | K32: XLPE, EPR | M32: A2 | O32: 4
C33: Método de referência | D33: - | F33: D | G33: Quadro 52H | M33: B | O33: 6
C34: Condutores carregados | D34: cond | F34: 3 | K34: Cobre | M34: B2 | O34: 8
C35: Corrente admissível | D35: Iz | E35: A | F35: 197 | G35: Quadro 52-C30 | K35: Alumínio | M35: C | O35: 10
C36: Fator de correção 52-D1 | D36: FC1 | F36: 1 | G36: Quadro 52-D1 | M36: D | O36: 12
C37: Fator de correção 52-D2 | D37: FC2 | F37: 0.95 | G37: Quadro 52-D2 | M37: E | O37: 16
C38: Fator de correção 52-E1 | D38: FC3 | F38: 1 | G38: Quadro 52-E1 | M38: F | O38: 20
C39: Fator de correção 52-E2 | D39: FC4 | F39: 1 | G39: Quadro 52-E2 | M39: G | O39: 25
C40: Fator de correção 52-E3 | D40: FC5 | F40: 1 | G40: Quadro 52-E3 | K40: k2 | O40: 32
C41: Fator de correção 52-E4 | D41: FC6 | F41: 1 | G41: Quadro 52-E4 | J41: Disjuntor modular | K41: 1.45 | O41: 40
C42: Fator de correção 52-E5 | D42: FC7 | F42: 1 | G42: Quadro 52-E5 | J42: Disjuntor outros | K42: 1.3 | O42: 50
C43: Fator de correção total | D43: FC.total | F43: =F36*F37*F38*F39*F40*F41*F42 -> 0.95 | J43: Fusível (In >= 16 A) | K43: 1.6 | O43: 63
C44: Corrente admissível corrigida | D44: I'z | E44: A | F44: =F35*F43 -> 187.15 | J44: Fusível (4 < In< 16 A) | K44: 1.9 | O44: 80
C45: Corrente estipulada do fusível | D45: In | E45: A | F45: 160 | J45: Fusível (In <= 4 A) | K45: 2.1 | O45: 100
C46: Condição In <= I'z? | D46: In <= I'z | E46: ? | F46: =IF($F$45<=$F$44,"OK!","!!!!!!!!!") -> OK! | O46: 125
C47: Relação entre I2 e In | D47: k2 | E47: - | F47: 1.6 | O47: 160
C48: Corrente convencional de funcionamento | D48: I2 | E48: A | F48: =F47*F45 -> 256 | O48: 200
C49: Valor limite térmico da canalização | D49: 1,45xI'z | E49: A | F49: =1.45*F44 -> 271.3675 | O49: 250
C50: Condição I2 <= 1.45.I'z | D50: I2 <= 1.45.I'z | E50: ? | F50: =IF($F$48<=$F$49,"OK!","!!!!!!!!!") -> OK! | O50: 315
C51: RESPOSTA: | D51: In | E51: A | F51: =F45 -> 160 | O51: 400
O52: 500
O53: 630
O54: 800
O55: 1000
O56: 1250
O57: 1600
O58: 2000
O59: 2500
O60: 3200
O61: 4000
O62: 5000
O63: 6300
B65: 3. Seções mínimas | O65: Iz.min=Ir/FC.t
B67: CABO | C67: MODO DE COLOCAÇÃO | D67: Método de Referência | E67: FC 52-D1 | F67: FC 52-D2 | G67: FC 52-E1 | H67: FC 52-E2 | I67: FC 52-E6 | J67: FC.t | K67: IB (A) | L67: In (A) | M67: Regulaç. | N67: Ir (A) | O67: Iz.min (A) | P67: Quadro 52-C | Q67: Iz (A) | R67: Sfase (mm2) | S67: IB <= Ir? | T67: Ir <= I'z? | U67: I2 <= 1,45.I'z? | W67: Regulações disparador eletrónico
B68: C1 | C68: Mono condutores, Cu, XLPE, Colocação em trevo, só em caminho de cabos perfurados,T=35°C | D68: F | E68: 0.96 | F68: 1 | G68: 0.77 | H68: 1 | I68: 1 | J68: =E68*F68*G68*H68*I68 -> 0.7392 | K68: ='11'!N53 -> 1281.6754 | L68: 1600 | M68: =0.9*0.9 -> 0.81 | N68: =L68*M68 -> 1296 | O68: =N68/J68 -> 1753.2468 | P68: C11 | Q68: =4*444 -> 1776 | R68: 4x150 | S68: =IF(K68<=N68,"OK!","!!!!!!!!!") -> OK! | T68: =IF(N68<=Q68*J68,"OK!","!!!!!!!!!") -> OK! | U68: =IF(N68*$K$42<=Q68*J68*1.45,"OK!","!!!!!!!!!") -> OK! | W68: Io | X68: Ir
B69: C2 | C69: Mono condutores, Cu, XLPE, Colocação em trevo, só em caminho de cabos perfurados,T=35°C | D69: =D68 -> F | E69: =E68 -> 0.96 | F69: =F68 -> 1 | G69: =G68 -> 0.77 | H69: =H68 -> 1 | I69: =I68 -> 1 | J69: =E69*F69*G69*H69*I69 -> 0.7392 | K69: =K68 -> 1281.6754 | L69: 1600 | M69: =M68 -> 0.81 | N69: =L69*M69 -> 1296 | O69: =O68 -> 1753.2468 | P69: =P68 -> C11 | Q69: =Q68 -> 1776 | R69: =R68 -> 4x150 | S69: =IF(K69<=N69,"OK!","!!!!!!!!!") -> OK! | T69: =IF(N69<=Q69*J69,"OK!","!!!!!!!!!") -> OK! | U69: =IF(N69*$K$42<=Q69*J69*1.45,"OK!","!!!!!!!!!") -> OK! | W69: 1 | X69: 1
B70: C3 | C70: Multi condutor, Cu, XLPE, só Em caleira fechada, T=30°C | D70: B | E70: 1 | F70: 1 | G70: 1 | H70: 1 | I70: 1 | J70: =E70*F70*G70*H70*I70 -> 1 | K70: ='11'!M13 -> 93.947477 | L70: 100 | M70: 1 | N70: =L70*M70 -> 100 | O70: =N70/J70 -> 100 | P70: C4 | Q70: 117 | R70: 25 | S70: =IF(K70<=N70,"OK!","!!!!!!!!!") -> OK! | T70: =IF(N70<=Q70*J70,"OK!","!!!!!!!!!") -> OK! | U70: =IF(N70*$K$42<=Q70*J70*1.45,"OK!","!!!!!!!!!") -> OK! | W70: 0.9 | X70: 0.98
B71: C4 | C71: Multi condutor, Cu, XLPE, só suspenso, T=30°C | D71: E | E71: 1 | F71: 1 | G71: 1 | H71: 1 | I71: 1 | J71: =E71*F71*G71*H71*I71 -> 1 | K71: ='11'!L29 -> 131.70617 | L71: 160 | M71: 0.9 | N71: =L71*M71 -> 144 | O71: =N71/J71 -> 144 | P71: C11 | Q71: =158 -> 158 | R71: 35 | S71: =IF(K71<=N71,"OK!","!!!!!!!!!") -> OK! | T71: =IF(N71<=Q71*J71,"OK!","!!!!!!!!!") -> OK! | U71: =IF(N71*$K$42<=Q71*J71*1.45,"OK!","!!!!!!!!!") -> OK! | W71: 0.8 | X71: 0.95
B72: C5 | C72: Multi condutor Cu, XLPE, em conduta enterrada,solo húm., T=25°C | D72: D | E72: 1 | F72: 0.96 | G72: 1 | H72: 1 | I72: 1.13 | J72: =E72*F72*G72*H72*I72 -> 1.0848 | K72: ='11'!L34 -> 108.19908 | L72: 125 | M72: 0.9 | N72: =L72*M72 -> 112.5 | O72: =N72/J72 -> 103.70575 | P72: C30 | Q72: =113 -> 113 | R72: 16 | S72: =IF(K72<=N72,"OK!","!!!!!!!!!") -> OK! | T72: =IF(N72<=Q72*J72,"OK!","!!!!!!!!!") -> OK! | U72: =IF(N72*$K$42<=Q72*J72*1.45,"OK!","!!!!!!!!!") -> OK! | W72: 0.7 | X72: 0.93
B73: C6 | C73: Mono condutor, Cu, XLPE, sobre Escadas de cabos com 2 outros circuitos, T=40°C | D73: F | E73: 0.91 | F73: 1 | G73: 0.82 | H73: 1 | I73: 1 | J73: =E73*F73*G73*H73*I73 -> 0.7462 | K73: ='11'!L39 -> 170.72185 | L73: 200 | M73: =0.9*0.95 -> 0.855 | N73: =L73*M73 -> 171 | O73: =N73/J73 -> 229.16108 | P73: C11 | Q73: 279 | R73: 70 | S73: =IF(K73<=N73,"OK!","!!!!!!!!!") -> OK! | T73: =IF(N73<=Q73*J73,"OK!","!!!!!!!!!") -> OK! | U73: =IF(N73*$K$42<=Q73*J73*1.45,"OK!","!!!!!!!!!") -> OK! | W73: 0.63 | X73: 0.9
B74: C7 | C74: monocondutor, Al, PVC, em trevo, só sobre caminho de cabo perfurado, T=30°C | D74: F | E74: 0.87 | F74: 1 | G74: 0.88 | H74: 1 | I74: 1 | J74: =E74*F74*G74*H74*I74 -> 0.7656 | K74: ='11'!L43 -> 392.59818 | L74: 400 | M74: 1 | N74: =L74*M74 -> 400 | O74: =N74/J74 -> 522.46604 | P74: C10 | Q74: =2*274 -> 548 | R74: 2x150 | S74: =IF(K74<=N74,"OK!","!!!!!!!!!") -> OK! | T74: =IF(N74<=Q74*J74,"OK!","!!!!!!!!!") -> OK! | U74: =IF(N74*$K$42<=Q74*J74*1.45,"OK!","!!!!!!!!!") -> OK! | W74: 0.5 | X74: 0.88
B75: C41 | C75: 3 circuitos, cabos multi condutores, Cu, PVC, caminho de cabo perf, T=30°C | D75: E | E75: 1 | F75: 1 | G75: 0.82 | H75: 1 | I75: 1 | J75: =E75*F75*G75*H75*I75 -> 0.82 | K75: ='11'!K26 -> 21.220439 | L75: 25 | M75: 1 | N75: =L75*M75 -> 25 | O75: =N75/J75 -> 30.487805 | P75: C9 | Q75: 34 | R75: 4 | S75: =IF(K75<=N75,"OK!","!!!!!!!!!") -> OK! | T75: =IF(N75<=Q75*J75,"OK!","!!!!!!!!!") -> OK! | U75: =IF(N75*$K$42<=Q75*J75*1.45,"OK!","!!!!!!!!!") -> OK! | X75: 0.85
B76: C42 | D76: =D75 -> E | E76: =E75 -> 1 | F76: =F75 -> 1 | G76: =G75 -> 0.82 | H76: =H75 -> 1 | I76: =I75 -> 1 | J76: =E76*F76*G76*H76*I76 -> 0.82 | K76: ='11'!K27 -> 41.48715 | L76: 50 | M76: 0.9 | N76: =L76*M76 -> 45 | O76: =N76/J76 -> 54.878049 | P76: C9 | Q76: =60 -> 60 | R76: 10 | S76: =IF(K76<=N76,"OK!","!!!!!!!!!") -> OK! | T76: =IF(N76<=Q76*J76,"OK!","!!!!!!!!!") -> OK! | U76: =IF(N76*$K$42<=Q76*J76*1.45,"OK!","!!!!!!!!!") -> OK! | X76: 0.8
B77: C43 | D77: =D75 -> E | E77: =E75 -> 1 | F77: =F75 -> 1 | G77: =G75 -> 0.82 | H77: =H75 -> 1 | I77: =I75 -> 1 | J77: =E77*F77*G77*H77*I77 -> 0.82 | K77: ='11'!K28 -> 68.998579 | L77: 80 | M77: 0.9 | N77: =L77*M77 -> 72 | O77: =N77/J77 -> 87.804878 | P77: C9 | Q77: 101 | R77: 25 | S77: =IF(K77<=N77,"OK!","!!!!!!!!!") -> OK! | T77: =IF(N77<=Q77*J77,"OK!","!!!!!!!!!") -> OK! | U77: =IF(N77*$K$42<=Q77*J77*1.45,"OK!","!!!!!!!!!") -> OK!
B82: 4. Queda de tensão
C84: Cabo | F84: C1 | G84: C2 | H84: C3 | I84: C4 | J84: C5 | K84: C6 | L84: C7 | M84: C41 | N84: C42 | O84: C43
C85: Tensão simples | D85: U | E85: V | F85: 230 | G85: 230 | H85: 230 | I85: 230 | J85: 230 | K85: 230 | L85: 230 | M85: 230 | N85: 230 | O85: 230
C86: Sistema | D86: b | E86: mono, tri? | F86: 1 | G86: 1 | H86: 2 | I86: 1 | J86: 1 | K86: 1 | L86: 1 | M86: 1 | N86: 1 | O86: 1
C87: Resistividade | D87: r1 | E87: W.mm2/m | F87: 0.0225 | G87: 0.0225 | H87: 0.0225 | I87: 0.0225 | J87: 0.0225 | K87: 0.0225 | L87: 0.036 | M87: 0.0225 | N87: 0.0225 | O87: 0.0225
C88: Comprimento | D88: L | E88: m | F88: 10 | G88: =F88 -> 10 | H88: 10 | I88: 320 | J88: 75 | K88: 72 | L88: 25 | M88: 15 | N88: 20 | O88: 20
C89: Secção | D89: S | E89: mm2 | F89: =4*150 -> 600 | G89: =F89 -> 600 | H89: =R70 -> 25 | I89: =R71 -> 35 | J89: =R72 -> 16 | K89: =R73 -> 70 | L89: =2*150 -> 300 | M89: =R75 -> 4 | N89: =R76 -> 10 | O89: =R77 -> 25
C90: Fator de potência | D90: cos j | E90: - | F90: ='11'!O53 -> 0.87302527 | G90: =F90 -> 0.87302527 | H90: ='11'!N13 -> 0.96919675 | I90: ='11'!M29 -> 0.86 | J90: ='11'!M34 -> 0.87 | K90: ='11'!M39 -> 1 | L90: ='11'!M43 -> 0.8 | M90: ='11'!F26 -> 0.86 | N90: ='11'!F27 -> 0.86 | O90: ='11'!F28 -> 0.86
C91: Reatância linear | D91: l | E91: mW/m | F91: 0.08 | G91: 0.08 | H91: 0.08 | I91: 0.08 | J91: 0.08 | K91: 0.09 | L91: 0.08 | M91: 0.08 | N91: 0.08 | O91: 0.08
C92: Corrente de serviço | D92: IB | E92: A | F92: =K68 -> 1281.6754 | G92: =K69 -> 1281.6754 | H92: =K70 -> 93.947477 | I92: =K71 -> 131.70617 | J92: =K72 -> 108.19908 | K92: =K73 -> 170.72185 | L92: =K74 -> 392.59818 | M92: =K75 -> 21.220439 | N92: =K76 -> 41.48715 | O92: =K77 -> 68.998579
C93: Queda de tensão máxima | D93: Du.max | E93: % | F93: 0.08 | G93: 0.08 | H93: 0.06 | I93: 0.08 | J93: 0.08 | K93: 0.08 | L93: 0.08 | M93: 0.08 | N93: 0.08 | O93: 0.08
C94: Queda de tensão (antes) | D94: u | E94: V | F94: =F$86*(F$87*F$88/F$89*F$90+F$91/1000*F$88*SIN(ACOS(F$90)))*F$92 -> 0.91963342 | G94: =G$86*(G$87*G$88/G$89*G$90+G$91/1000*G$88*SIN(ACOS(G$90)))*G$92 -> 0.91963342 | H94: =H$86*(H$87*H$88/H$89*H$90+H$91/1000*H$88*SIN(ACOS(H$90)))*H$92+$F$94 -> 2.595619 | I94: =I$86*(I$87*I$88/I$89*I$90+I$91/1000*I$88*SIN(ACOS(I$90)))*I$92+$F$94 -> 25.940883 | J94: =J$86*(J$87*J$88/J$89*J$90+J$91/1000*J$88*SIN(ACOS(J$90)))*J$92+$F$94 -> 11.16783 | K94: =K$86*(K$87*K$88/K$89*K$90+K$91/1000*K$88*SIN(ACOS(K$90)))*K$92+$F$94 -> 4.8706249 | L94: =L$86*(L$87*L$88/L$89*L$90+L$91/1000*L$88*SIN(ACOS(L$90)))*L$92+$F$94 -> 2.3329869 | M94: =M$86*(M$87*M$88/M$89*M$90+M$91/1000*M$88*SIN(ACOS(M$90)))*M$92+$F$94+$I$94 -> 28.413319 | N94: =N$86*(N$87*N$88/N$89*N$90+N$91/1000*N$88*SIN(ACOS(N$90)))*N$92+$F$94+$I$94 -> 28.499942 | O94: =O$86*(O$87*O$88/O$89*O$90+O$91/1000*O$88*SIN(ACOS(O$90)))*O$92+$F$94+$I$94 -> 27.98495
C95: Queda de tensão (antes) | D95: Du | E95: % | F95: =F$94/F$85 -> 0.0039984062 | G95: =G$94/G$85 -> 0.0039984062 | H95: =H$94/H$85 -> 0.0112853 | I95: =I$94/I$85 -> 0.11278645 | J95: =J$94/J$85 -> 0.048555784 | K95: =K$94/K$85 -> 0.02117663 | L95: =L$94/L$85 -> 0.010143421 | M95: =M$94/M$85 -> 0.12353617 | ... O95: =O$94/O$85 -> 0.1216737
C96: Nova Secção (mm2) | D96: S | E96: mm2 | F96: =F89 -> 600 | G96: =G89 -> 600 | H96: 25 | I96: 70 | J96: 16 | K96: =K89 -> 70 | L96: =L89 -> 300 | M96: 6 | N96: 16 | O96: =O89 -> 25
C97: Queda de tensão (depois) | D97: u | E97: V | F97: =F$86*(F$87*F$88/F$96*F$90+F$91/1000*F$88*SIN(ACOS(F$90)))*F$92 -> 0.91963342 | G97: =G$86*(G$87*G$88/G$96*G$90+G$91/1000*G$88*SIN(ACOS(G$90)))*G$92 -> 0.91963342 | H97: =H$86*(H$87*H$88/H$96*H$90+H$91/1000*H$88*SIN(ACOS(H$90)))*H$92+$F$97 -> 2.595619 | I97: =I$86*(I$87*I$88/I$96*I$90+I$91/1000*I$88*SIN(ACOS(I$90)))*I$92+$F$97 -> 14.290532 | J97: =J$86*(J$87*J$88/J$96*J$90+J$91/1000*J$88*SIN(ACOS(J$90)))*J$92+$F$97 -> 11.16783 | K97: =K$86*(K$87*K$88/K$96*K$90+K$91/1000*K$88*SIN(ACOS(K$90)))*K$92+$F$97 -> 4.8706249 | L97: =L$86*(L$87*L$88/L$96*L$90+L$91/1000*L$88*SIN(ACOS(L$90)))*L$92+$F$97 -> 2.3329869 | M97: =M$86*(M$87*M$88/M$96*M$90+M$91/1000*M$88*SIN(ACOS(M$90)))*M$92+$F$97+$I$97 -> 16.249698 | N97: =N$86*(N$87*N$88/N$96*N$90+N$91/1000*N$88*SIN(ACOS(N$90)))*N$92+$F$97+$I$97 -> 16.247509 | O97: =O$86*(O$87*O$88/O$96*O$90+O$91/1000*O$88*SIN(ACOS(O$90)))*O$92+$F$97+$I$97 -> 16.334599
C98: Queda de tensão (depois) | D98: Du | E98: % | F98: =F$97/F$85 -> 0.0039984062 | G98: =G$97/G$85 -> 0.0039984062 | H98: =H$97/H$85 -> 0.0112853 | I98: =I$97/I$85 -> 0.062132747 | J98: =J$97/J$85 -> 0.048555784 | K98: =K$97/K$85 -> 0.02117663 | L98: =L$97/L$85 -> 0.010143421 | M98: =M$97/M$85 -> 0.070650863 | ... O98: =O$97/O$85 -> 0.071019994

Sheet 07.1
H2: Valores em mW
H4: Resistência | I4: Reatância | J4: Impedância | K4: R.acum | L4: X.acum | M4: Z.acum | N4: Ik3
H5: mW | I5: mW | J5: mW | K5: mW | L5: mW | M5: mW | N5: kA
H7: Ra = 0,1.Xa | I7: Xa = 0,995.Za | J7: Za = (m.Un)^2/Scc
F8: Za | G8: Rede a montante | H8: =I8*0.1 -> 0.0351036 | I8: =J8*0.995 -> 0.351036 | J8: =(D29*D30)^2/(D28*10^6)*1000 -> 0.3528 | K8: =H8 -> 0.0351036 | L8: =I8 -> 0.351036 | M8: =J8 -> 0.3528 | N8: =$D$27*$D$29*$D$30/(SQRT(3)*M8) -> 721.68784
F10: Zt | G10: Transformador | H10: Rt = 0,31.Zt | I10: Xt = 0,95.Zt | J10: Zt = (mUn)^2.Ucc/(Sn.100)
H11: =0.31*J11 -> 4.1013 | I11: =0.95*J11 -> 12.5685 | J11: =(D29*D30)^2*D32/D31/1000/100*1000 -> 13.23 | K11: =H11+H8 -> 4.1364036 | L11: =I11+I8 -> 12.919536 | M11: =SQRT(K11^2+L11^2) -> 13.565554 | N11: =$D$27*$D$29*$D$30/(SQRT(3)*M11) -> 18.76897
F13: Zcabo1 | G13: Cabo QGBT-D1 | H13: Rc1 = r.L/S | I13: Xc1 = 0,08.L | J13: Zc1 = raizq(Rc1^2+Xc1^2)
H14: =D33*D35/D36*1000 -> 0.15625 | I14: =0.08*D35/3 -> 0.13333333 | J14: =SQRT(H14^2+I14^2) -> 0.20540652 | K14: =K11+H14 -> 4.2926536 | L14: =L11+I14 -> 13.052869 | M14: =SQRT(K14^2+L14^2) -> 13.740607 | N14: =$D$27*$D$29*$D$30/(SQRT(3)*M14) -> 18.529856
F16: Zd1 | G16: Disjuntor1 | H16: Rd = 0 | I16: Xd = 0,15 mW/pólo | J16: Zd = Xd
H17: 0 | I17: =0.15 -> 0.15 | J17: =I17 -> 0.15 | K17: =K14+H17 -> 4.2926536 | L17: =L14+I17 -> 13.202869 | M17: =SQRT(K17^2+L17^2) -> 13.883178 | N17: =$D$27*$D$29*$D$30/(SQRT(3)*M17) -> 18.339567
F19: Zb | G19: Barramento | H19: Rb = r.L/S | I19: Xb = 0,15 mW/m | J19: Zb = raizq(Rb^2+Xb^2)
H20: =D33*D37/D38*1000 -> 0.225 | I20: =0.15*D37 -> 0.75 | J20: =SQRT(H20^2+I20^2) -> 0.78302299 | K20: =K17+H20 -> 4.5176536 | L20: =L17+I20 -> 13.952869 | M20: =SQRT(K20^2+L20^2) -> 14.666007 | N20: =$D$27*$D$29*$D$30/(SQRT(3)*M20) -> 17.360654
F22: Zd2 | G22: Disjuntor2 | H22: Rd = 0 | I22: Xd = 0,15 mW/pólo | J22: Zd = Xd
H23: 0 | I23: =0.15 -> 0.15 | J23: =I23 -> 0.15 | K23: =K20+H23 -> 4.5176536 | L23: =L20+I23 -> 14.102869 | M23: =SQRT(K23^2+L23^2) -> 14.808785 | N23: =$D$27*$D$29*$D$30/(SQRT(3)*M23) -> 17.193272
F25: Zcabo2 | G25: Cabo QGBT-D1 | H25: Rc2 = r.L/S | I25: Xc2 = 0,08.L | J25: Zc1 = raizq(Rc2^2+Xc2^2)
H26: =D33*D39/D40*1000 -> 23.684211 | I26: =0.08*D39 -> 8 | J26: =SQRT(H26^2+I26^2) -> 24.998837 | K26: =K23+H26 -> 28.201864 | L26: =L23+I26 -> 22.102869 | M26: =SQRT(K26^2+L26^2) -> 35.831299 | N26: =$D$27*$D$29*$D$30/(SQRT(3)*M26) -> 7.1058398
B27: Cmax | C27: - | D27: 1.05
B28: Scc | C28: MVA | D28: 500
B29: m | C29: - | D29: 1.05 | H29: =H4 -> Resistência | I29: =I4 -> Reatância | J29: =J4 -> Impedância | K29: =K4 -> R.acum | L29: =L4 -> X.acum | M29: =M4 -> Z.acum | N29: =N4 -> Ik3
B30: Un | C30: V | D30: 400 | H30: mW | I30: mW | J30: mW | K30: mW | L30: mW | M30: mW | N30: =N5 -> kA
B31: Sn | C31: kVA | D31: 800 | F31: =F8 -> Za | G31: =G8 -> Rede a montante | H31: =H8 -> 0.0351036 | I31: =I8 -> 0.351036 | J31: =J8 -> 0.3528 | K31: =K8 -> 0.0351036 | L31: =L8 -> 0.351036 | M31: =M8 -> 0.3528 | N31: =N8 -> 721.68784
B32: Ucc | C32: % | D32: 6 | F32: =F10 -> Zt | G32: =G10 -> Transformador | H32: =H11 -> 4.1013 | I32: =I11 -> 12.5685 | J32: =J11 -> 13.23 | K32: =K11 -> 4.1364036 | L32: =L11 -> 12.919536 | M32: =M11 -> 13.565554 | N32: =N11 -> 18.76897
B33: rcu | C33: W.mm2/m | D33: 0.0225 | F33: =F13 -> Zcabo1 | G33: =G13 -> Cabo QGBT-D1 | H33: =H14 -> 0.15625 | I33: =I14 -> 0.13333333 | J33: =J14 -> 0.20540652 | K33: =K14 -> 4.2926536 | L33: =L14 -> 13.052869 | M33: =M14 -> 13.740607 | N33: =N14 -> 18.529856
B34: ral | C34: W.mm2/m | D34: 0.036 | F34: =F16 -> Zd1 | G34: =G16 -> Disjuntor1 | H34: =H17 -> 0 | I34: =I17 -> 0.15 | J34: =J17 -> 0.15 | K34: =K17 -> 4.2926536 | L34: =L17 -> 13.202869 | M34: =M17 -> 13.883178 | N34: =N17 -> 18.339567
B35: L.C1 | C35: m | D35: 5 | F35: =F19 -> Zb | G35: =G19 -> Barramento | H35: =H20 -> 0.225 | I35: =I20 -> 0.75 | J35: =J20 -> 0.78302299 | K35: =K20 -> 4.5176536 | L35: =L20 -> 13.952869 | M35: =M20 -> 14.666007 | N35: =N20 -> 17.360654
B36: S.C1 | C36: mm2 | D36: =240*3 -> 720 | F36: =F22 -> Zd2 | G36: =G22 -> Disjuntor2 | H36: =H23 -> 0 | I36: =I23 -> 0.15 | J36: =J23 -> 0.15 | K36: =K23 -> 4.5176536 | L36: =L23 -> 14.102869 | M36: =M23 -> 14.808785 | N36: =N23 -> 17.193272
B37: L.b | C37: m | D37: 5 | F37: =F25 -> Zcabo2 | G37: =G25 -> Cabo QGBT-D1 | H37: =H26 -> 23.684211 | I37: =I26 -> 8 | J37: =J26 -> 24.998837 | K37: =K26 -> 28.201864 | L37: =L26 -> 22.102869 | M37: =M26 -> 35.831299 | N37: =N26 -> 7.1058398
B38: S.b | C38: mm2 | D38: =100*5 -> 500
B39: L.C2 | C39: m | D39: 100
B40: S.C2 | C40: mm2 | D40: 95

Sheet 07.2
H2: Valores em mW
H4: Resistência | I4: Reatância | J4: Impedância | K4: R.acum | L4: X.acum | M4: Z.acum | N4: Ik3
H5: mW | I5: mW | J5: mW | K5: mW | L5: mW | M5: mW | N5: kA
H7: Ra = 0,1.Xa | I7: Xa = 0,995.Za | J7: Za = (m.Un)^2/Scc
F8: Za | G8: Rede a montante | H8: =I8*0.1 -> 0.0351036 | I8: =J8*0.995 -> 0.351036 | J8: =(D29*D30)^2/(D28*10^6)*1000 -> 0.3528 | K8: =H8 -> 0.0351036 | L8: =I8 -> 0.351036 | M8: =J8 -> 0.3528 | N8: =$D$27*$D$29*$D$30/(SQRT(3)*M8) -> 721.68784
B10: Saída Q41 | F10: Zt | G10: Transformador | H10: Rt = 0,31.Zt | I10: Xt = 0,95.Zt | J10: Zt = (mUn)^2.Ucc/(Sn.100)
H11: =0.31*J11 -> 1.3671 | I11: =0.95*J11 -> 4.1895 | J11: =(D29*D30)^2*D32/D31/1000/100*1000 -> 4.41 | K11: =H11+H8 -> 1.4022036 | L11: =I11+I8 -> 4.540536 | M11: =SQRT(K11^2+L11^2) -> 4.7521197 | N11: =$D$27*$D$29*$D$30/(SQRT(3)*M11) -> 53.578504
F13: Zcabo1 | G13: Cabo QGBT-D1 | H13: Rc1 = r.L/S/2 | I13: Xc1 = 0,085.L | J13: Zc1 = raizq(Rc1^2+Xc1^2)
F14: 1//2 | H14: =D33*D35/D36*1000/2 -> 0.1875 | I14: =0.085*D35/4/2 -> 0.10625 | J14: =SQRT(H14^2+I14^2) -> 0.21551175 | K14: =K11+H14 -> 1.5897036 | L14: =L11+I14 -> 4.646786 | M14: =SQRT(K14^2+L14^2) -> 4.911189 | N14: =$D$27*$D$29*$D$30/(SQRT(3)*M14) -> 51.843142
F16: Zd1 | G16: Disjuntor1 | H16: Rd = 0 | I16: Xd = 0,15 mW/pólo | J16: Zd = Xd
F17: d1//d2 | H17: 0 | I17: =0.15/2 -> 0.075 | J17: =I17 -> 0.075 | K17: =K14+H17 -> 1.5897036 | L17: =L14+I17 -> 4.721786 | M17: =SQRT(K17^2+L17^2) -> 4.9822104 | N17: =$D$27*$D$29*$D$30/(SQRT(3)*M17) -> 51.104118
F19: Zb1 | G19: Barramento1 | H19: Rb = r.L/S | I19: Xb = 0,15 mW/m | J19: Zb = raizq(Rb^2+Xb^2)
G20: 2x100x10, 5m | H20: =D33*D37/D38*1000 -> 0.05625 | I20: =0.15*D37 -> 0.75 | J20: =SQRT(H20^2+I20^2) -> 0.75210642 | K20: =K17+H20 -> 1.6459536 | L20: =L17+I20 -> 5.471786 | M20: =SQRT(K20^2+L20^2) -> 5.7139833 | N20: =$D$27*$D$29*$D$30/(SQRT(3)*M20) -> 44.559365
F22: Zd4 | G22: Disjuntor4 | H22: Rd = 0 | I22: Xd = 0,15 mW/pólo | J22: Zd = Xd
H23: 0 | I23: =0.15 -> 0.15 | J23: =I23 -> 0.15 | K23: =K20+H23 -> 1.6459536 | L23: =L20+I23 -> 5.621786 | M23: =SQRT(K23^2+L23^2) -> 5.8577847 | N23: =$D$27*$D$29*$D$30/(SQRT(3)*M23) -> 43.465488
F25: Zcabo4 | G25: Cabo Q4-Q40 | H25: Rc4 = r.L/S | I25: Xc4 = 0,08.L | J25: Zc1 = raizq(Rc4^2+Xc4^2)
H26: =D33*D39/D40*1000 -> 102.85714 | I26: =0.08*D39 -> 25.6 | J26: =SQRT(H26^2+I26^2) -> 105.99506 | K26: =K23+H26 -> 104.5031 | L26: =L23+I26 -> 31.221786 | M26: =SQRT(K26^2+L26^2) -> 109.0674 | N26: =$D$27*$D$29*$D$30/(SQRT(3)*M26) -> 2.3344416
B27: Cmax | C27: - | D27: 1.05
B28: Scc | C28: MVA | D28: 500 | F28: Zb2 | G28: Barramento2 | H28: Rb = r.L/S | I28: Xb = 0,15 mW/m | J28: Zb = raizq(Rb^2+Xb^2)
B29: m | C29: - | D29: 1.05 | G29: 1x15x3, 3m | H29: =D33*D43/D44*1000 -> 1.5 | I29: =0.15*D43 -> 0.45 | J29: =SQRT(H29^2+I29^2) -> 1.566046 | K29: =K26+H29 -> 106.0031 | L29: =L26+I29 -> 31.671786 | M29: =SQRT(K29^2+L29^2) -> 110.63344 | N29: =$D$27*$D$29*$D$30/(SQRT(3)*M29) -> 2.301397
B30: Un | C30: V | D30: 400
B31: Sn | C31: kVA | D31: ='11'!M53*2 -> 2000 | F31: Zd41 | G31: Disjuntor41 | H31: Rd = 0 | I31: Xd = 0,15 mW/pólo | J31: Zd = Xd
B32: Ucc | C32: % | D32: 5 | H32: 0 | I32: =0.15 -> 0.15 | J32: =I32 -> 0.15 | K32: =K29+H32 -> 106.0031 | L32: =L29+I32 -> 31.821786 | M32: =SQRT(K32^2+L32^2) -> 110.67648 | N32: =$D$27*$D$29*$D$30/(SQRT(3)*M32) -> 2.3005021
B33: rcu | C33: W.mm2/m | D33: 0.0225
B34: ral | C34: W.mm2/m | D34: 0.036 | F34: Zcabo41 | G34: Cabo Q40-Q41 | H34: Rc2 = r.L/S | I34: Xc2 = 0,08.L | J34: Zc1 = raizq(Rc2^2+Xc2^2)
B35: L.C1 | C35: m | D35: ='14'!F88 -> 10 | H35: =$D$33*D41/D42*1000 -> 56.25 | I35: =0.08*D41 -> 1.2 | J35: =SQRT(H35^2+I35^2) -> 56.262799 | K35: =K32+H35 -> 162.2531 | L35: =L32+I35 -> 33.021786 | M35: =SQRT(K35^2+L35^2) -> 165.5793 | N35: =$D$27*$D$29*$D$30/(SQRT(3)*M35) -> 1.5377011
B36: S.C1 | C36: mm2 | D36: ='14'!F89 -> 600
B37: L.b1 | C37: m | D37: 5
B38: S.b1 | C38: mm2 | D38: =2*100*10 -> 2000 | H38: =H4 -> Resistência | I38: =I4 -> Reatância | J38: =J4 -> Impedância | K38: =K4 -> R.acum | L38: =L4 -> X.acum | M38: =M4 -> Z.acum | N38: =N4 -> Ik3
B39: L.C2 | C39: m | D39: 320 | H39: mW | I39: mW | J39: mW | K39: mW | L39: mW | M39: mW | N39: =N5 -> kA
B40: S.C2 | C40: mm2 | D40: 70 | F40: =F8 -> Za | G40: =G8 -> Rede a montante | H40: =H8 -> 0.0351036 | I40: =I8 -> 0.351036 | J40: =J8 -> 0.3528 | K40: =K8 -> 0.0351036 | L40: =L8 -> 0.351036 | M40: =M8 -> 0.3528 | N40: =N8 -> 721.68784
B41: L.C3 | C41: m | D41: ='14'!M88 -> 15 | F41: =F10 -> Zt | G41: =G10 -> Transformador | H41: =0.31*J41 -> 1.3671 | I41: =J41*0.95 -> 4.1895 | J41: =(D29*D30)^2*D32/D31/1000/100*1000 -> 4.41 | K41: =K11 -> 1.4022036 | L41: =L11 -> 4.540536 | M41: =M11 -> 4.7521197 | N41: =N11 -> 53.578504
B42: S.C3 | C42: mm2 | D42: ='14'!M96 -> 6 | F42: =F13 -> Zcabo1 | G42: =G13 -> Cabo QGBT-D1 | H42: =H14 -> 0.1875 | I42: =I14 -> 0.10625 | J42: =J14 -> 0.21551175 | K42: =K14 -> 1.5897036 | L42: =L14 -> 4.646786 | M42: =M14 -> 4.911189 | N42: =N14 -> 51.843142
B43: L.b2 | C43: m | D43: 3 | F43: =F16 -> Zd1 | G43: =G16 -> Disjuntor1 | H43: =H17 -> 0 | I43: =I17 -> 0.075 | J43: =J17 -> 0.075 | K43: =K17 -> 1.5897036 | L43: =L17 -> 4.721786 | M43: =M17 -> 4.9822104 | N43: =N17 -> 51.104118
B44: S.b2 | C44: mm2 | D44: =15*3 -> 45 | F44: =F19 -> Zb1 | G44: =G19 -> Barramento1 | H44: =H20 -> 0.05625 | I44: =I20 -> 0.75 | J44: =J20 -> 0.75210642 | K44: =K20 -> 1.6459536 | L44: =L20 -> 5.471786 | M44: =M20 -> 5.7139833 | N44: =N20 -> 44.559365
F45: =F22 -> Zd4 | G45: =G22 -> Disjuntor4 | H45: =H23 -> 0 | I45: =I23 -> 0.15 | J45: =J23 -> 0.15 | K45: =K23 -> 1.6459536 | L45: =L23 -> 5.621786 | M45: =M23 -> 5.8577847 | N45: =N23 -> 43.465488
F46: =F25 -> Zcabo4 | G46: =G25 -> Cabo Q4-Q40 | H46: =H26 -> 102.85714 | I46: =I26 -> 25.6 | J46: =J26 -> 105.99506 | K46: =K26 -> 104.5031 | L46: =L26 -> 31.221786 | M46: =M26 -> 109.0674 | N46: =N26 -> 2.3344416
F47: =F28 -> Zb2 | G47: =G28 -> Barramento2 | H47: =H29 -> 1.5 | I47: =I29 -> 0.45 | J47: =J29 -> 1.566046 | K47: =K29 -> 106.0031 | L47: =L29 -> 31.671786 | M47: =M29 -> 110.63344 | N47: =N29 -> 2.301397
F48: =F31 -> Zd41 | G48: =G31 -> Disjuntor41 | H48: =H32 -> 0 | I48: =I32 -> 0.15 | J48: =J32 -> 0.15 | K48: =K32 -> 106.0031 | L48: =L32 -> 31.821786 | M48: =M32 -> 110.67648 | N48: =N32 -> 2.3005021
F49: =F34 -> Zcabo41 | G49: =G34 -> Cabo Q40-Q41 | H49: =H35 -> 56.25 | I49: =I35 -> 1.2 | J49: =J35 -> 56.262799 | K49: =K35 -> 162.2531 | L49: =L35 -> 33.021786 | M49: =M35 -> 165.5793 | N49: =N35 -> 1.5377011
B57: Saída Q3 | H57: Resistência | I57: Reatância | J57: Impedância | K57: R.acum | L57: X.acum | M57: Z.acum | N57: Ik3
H58: mW | I58: mW | J58: mW | K58: mW | L58: mW | M58: mW | N58: kA
F59: Za | G59: Rede a montante | H59: =0.1*I59 -> 0.0351036 | I59: =J59*0.995 -> 0.351036 | J59: =(D29*D30)^2/(D28*10^6)*1000 -> 0.3528 | K59: =H59 -> 0.0351036 | L59: =I59 -> 0.351036 | M59: =SQRT(K59^2+L59^2) -> 0.35278681 | N59: =$D$27*$D$29*$D$30/(SQRT(3)*M59) -> 721.71481
F60: Zt1 | G60: Transformador | H60: =H41 -> 1.3671 | I60: =I41 -> 4.1895 | J60: =J41 -> 4.41 | K60: =H60+K59 -> 1.4022036 | L60: =I60+L59 -> 4.540536 | M60: =SQRT(K60^2+L60^2) -> 4.7521197 | N60: =$D$27*$D$29*$D$30/(SQRT(3)*M60) -> 53.578504
B61: L3 | C61: m | D61: 10 | F61: Zc1 | G61: Cabo QGBT-D1 | H61: =H42 -> 0.1875 | I61: =I42 -> 0.10625 | J61: =J42 -> 0.21551175 | K61: =H61+K60 -> 1.5897036 | L61: =I61+L60 -> 4.646786 | M61: =SQRT(K61^2+L61^2) -> 4.911189 | N61: =$D$27*$D$29*$D$30/(SQRT(3)*M61) -> 51.843142
B62: S3 | C62: mm2 | D62: 25 | F62: Zd1 | G62: Disjuntor1 | H62: =H43 -> 0 | I62: =I43 -> 0.075 | J62: =J43 -> 0.075 | K62: =H62+K61 -> 1.5897036 | L62: =I62+L61 -> 4.721786 | M62: =SQRT(K62^2+L62^2) -> 4.9822104 | N62: =$D$27*$D$29*$D$30/(SQRT(3)*M62) -> 51.104118
B63: ucc3 | C63: % | D63: 4 | F63: Zb1 | G63: Barramento1 | H63: =H44 -> 0.05625 | I63: =I44 -> 0.75 | J63: =J44 -> 0.75210642 | K63: =H63+K62 -> 1.6459536 | L63: =I63+L62 -> 5.471786 | M63: =SQRT(K63^2+L63^2) -> 5.7139833 | N63: =$D$27*$D$29*$D$30/(SQRT(3)*M63) -> 44.559365
B64: Sn3 | C64: kVA | D64: 100 | F64: Zd3 | G64: Disjuntor 3 | H64: =H45 -> 0 | I64: 0.15 | J64: =J45 -> 0.15 | K64: =H64+K63 -> 1.6459536 | L64: =I64+L63 -> 5.621786 | M64: =SQRT(K64^2+L64^2) -> 5.8577847 | N64: =$D$27*$D$29*$D$30/(SQRT(3)*M64) -> 43.465488
B65: Lb3 | C65: m | D65: 4 | F65: Zc3 | G65: Cabo 3 | H65: =D33*D61/D62*1000 -> 9 | I65: =0.08*D61 -> 0.8 | J65: =SQRT(H65^2+I65^2) -> 9.0354856 | K65: =H65+K64 -> 10.645954 | L65: =I65+L64 -> 6.421786 | M65: =SQRT(K65^2+L65^2) -> 12.432846 | N65: =$D$27*$D$29*$D$30/(SQRT(3)*M65) -> 20.478937
B66: Sb3 | C66: mm2 | D66: =12*2 -> 24 | F66: Zt3 | G66: Transformador 3 | H66: =0.31*J66 -> 21.8736 | I66: =0.95*J66 -> 67.032 | J66: =(D29*D30)^2*D63/100/100 -> 70.56 | K66: =H66+K65 -> 32.519554 | L66: =I66+L65 -> 73.453786 | M66: =SQRT(K66^2+L66^2) -> 80.330443 | N66: =$D$27*$D$29*$D$30/(SQRT(3)*M66) -> 3.1695514
F67: Zd31 | G67: Disjuntor 31 | H67: =H48 -> 0 | I67: =I48 -> 0.15 | J67: =J48 -> 0.15 | K67: =H67+K66 -> 32.519554 | L67: =I67+L66 -> 73.603786 | M67: =SQRT(K67^2+L67^2) -> 80.467625 | N67: =$D$27*$D$29*$D$30/(SQRT(3)*M67) -> 3.1641479
F68: Zb3 | G68: Barramento 3 | H68: =D33*D65/D66*1000 -> 3.75 | I68: =0.085*D65 -> 0.34 | J68: =J49 -> 56.262799 | K68: =H68+K67 -> 36.269554 | L68: =I68+L67 -> 73.943786 | M68: =SQRT(K68^2+L68^2) -> 82.359966 | N68: =$D$27*$D$29*$D$30/(SQRT(3)*M68) -> 3.091447

Sheet 07.3
A1: Disjuntor
B4: Dados Máquina
C5: Potência de serviço | D5: kW | E5: 15
C6: Factor de simultaneidade | D6: % | E6: 87
C7: Factor de potência | D7: - | E7: 0.89
B8: Dados Rede
C9: Tensão composta | D9: V | E9: 400
C10: Comprimento | D10: m | E10: 200
C11: Ucc, transformador a montante | D11: % | E11: 4.245
C12: Potência, transformador a montante | D12: kVA | E12: 2000
C13: Ik3.máx | D13: kA | E13: =E12/SQRT(3)/E9/E11*100 -> 68.003565
C14: b, tipo de rede (1-trifásico equilibrado; 2 - outros) | D14: - | E14: 1
C15: Cmax, fator de tensão máximo | D15: - | E15: 1.05
C16: Cmin, fator de tensão mínimo | E16: 0.95
C17: m, fator de carga em vazio | D17: - | E17: 1.05
C18: Regime de neutro | D18: - | E18: TN-C
B19: Dados cabo
C20: Tipo de cabo | D20: - | E20: VAV
C21: Tipo de material condutor | D21: - | E21: Cobre
C22: Resistividade do material condutor a 20 ºC | D22: W.mm2/m | E22: 0.017241 | F22: Anexo VI
C23: Coeficiente de variação de resistividade a 20 ºC | D23: K-1 | E23: 0.00393 | F23: Anexo VI
C24: Temperatura máxima de funcionamento | D24: ºC | E24: 90 | F24: Quadro 52A [523]
C25: Isolamento | D25: - | E25: XLPE | F25: Anexo IIB
C26: k - constante do isolamento cabo | D26: - | E26: 143 | F26: Secção 434
C27: l - Reatância linear do cabo | D27: mW/m | E27: 0.08
C28: Polaridade cabo | D28: - | E28: Multicondutor
C29: Modo instalação | D29: - | E29: Fixados ao tecto
C30: Tipo de colocação | D30: - | E30: -
C31: Secção condutor PEN | D31: mm2 | E31: Igual ao da fase
C32: Agrupamento de cabos | D32: - | E32: 5
B33: Dados bioclimáticos
C34: Temperatura ambiente | D34: ºC | E34: 45
C35: Temperatura do solo | D35: ºC | E35: -
C36: Resistividade térmica terreno | D36: K.m/W | E36: -
B38: IB | C38: Corrente de serviço | D38: A | E38: =E5*E6/100/E7/SQRT(3)/E9*1000 -> 21.164104
C39: Referência do modo de instalação | D39: - | E39: 11A | F39: Quadro 52H
C40: Método de referência do modo de instalação | D40: - | E40: C | F40: Quadro 52H
B42: Factores de correcção
C43: Função da temperatura ambiente | D43: - | E43: 0.87 | F43: Quadro 52-D1
C44: Agrupamento de cabos | D44: - | E44: 0.66 | F44: Quadro 52-E1
C45: Factor de correcção total | D45: - | E45: =E43*E44 -> 0.5742
B46: Fusível / Disjuntor
C47: In - Calibre | D47: A | E47: 25
C48: Ir - Regulação térmica | D48: A | E48: 24.5
C49: Im - Regulação magnética | D49: A | E49: =12*E47 -> 300
C50: Factor multiplicativo I2 | D50: - | E50: 1.3 | F50: Disj. Industrial
C51: I2 - Corrente de funcionamento | D51: A | E51: =E50*E48 -> 31.85
C52: Ics - poder de corte em serviço | D52: kA | E52: 70 | F52: Fabricante
C53: Nível de disparo de protecção térmica | D53: - | E53: -
E55: 1.ª iteração | F55: 2.ª iteração | G55: 3.ª iteração
B56: Cabo
C57: Iz_min - Corrente admissível mínima (Ir) | D57: A | E57: =$E$48/$E$45 -> 42.66806 | F57: =$E$57 -> 42.66806 | G57: =$E$57 -> 42.66806
C58: Secção do cabo (fase) | D58: mm2 | E58: 6 | F58: 10 | G58: 16 | H58: Quadro 52-C4
C59: Secção do cabo (neutro) | D59: mm2 | E59: =E58 -> 6 | F59: =F58 -> 10 | G59: =G58 -> 16 | H59: Quadro 54F
C60: I'z - Corrente máxima admissível sem correcção | D60: A | E60: 52 | F60: 52 | G60: 96 | H60: =H58 -> Quadro 52-C4
C61: Iz - Corrente máxima admissível com correcção | D61: A | E61: =E60*$E$45 -> 29.8584 | F61: 71 | G61: =G60*$E$45 -> 55.1232
C62: 1,45.Iz - Fadiga térmica | D62: A | E62: =1.45*E61 -> 43.29468 | F62: =1.45*F61 -> 102.95 | G62: =1.45*G61 -> 79.92864
B63: Protecção contra sobrecargas
C64: Condição: IB <= In | D64: ? | E64: =IF($E$38<=$E$48,"OK!","!!!!!!!!!") -> OK! | F64: =IF($E$38<=$E$48,"OK!","!!!!!!!!!") -> OK! | G64: =IF($E$38<=$E$48,"OK!","!!!!!!!!!") -> OK!
C65: Condição: In <= Iz | D65: ? | E65: =IF($E$48<=E61,"OK!","!!!!!!!!!") -> OK! | F65: =IF($E$48<=F61,"OK!","!!!!!!!!!") -> OK! | G65: =IF($E$48<=G61,"OK!","!!!!!!!!!") -> OK!
C66: Condição: I2 <= 1,45.Iz | D66: ? | E66: =IF($E$51<=E62,"OK!","!!!!!!!!!") -> OK! | F66: =IF($E$51<=F62,"OK!","!!!!!!!!!") -> OK! | G66: =IF($E$51<=G62,"OK!","!!!!!!!!!") -> OK!
B67: Queda de tensão
C68: Resistividade material condutor (temp. máxima) | D68: W.mm2/m | E68: =$E$22*(1+$E$23*($E$24-20)) -> 0.021983999 | F68: =$E$22*(1+$E$23*($E$24-20)) -> 0.021983999 | G68: =$E$22*(1+$E$23*($E$24-20)) -> 0.021983999
C69: Du.max | D69: % | E69: 0.05 | F69: 0.05 | G69: 0.05 | H69: Quadro 52O
C70: u - queda de tensão absoluta | D70: V | E70: =(E68*$E$10/E58*$E$7+0.08/1000*$E$10*SIN(ACOS($E$7)))*$E$38 -> 13.957459 | F70: =(F68*$E$10/F58*$E$7+0.08/1000*$E$10*SIN(ACOS($E$7)))*$E$38 -> 8.4362352 | G70: =(G68*$E$10/G58*$E$7+0.08/1000*$E$10*SIN(ACOS($E$7)))*$E$38 -> 5.330547
C71: Du - queda de tensão percentual | D71: % | E71: =E70*SQRT(3)/$E$9 -> 0.060437569 | F71: =F70*SQRT(3)/$E$9 -> 0.03652997 | G71: =G70*SQRT(3)/$E$9 -> 0.023081945
C72: Condição: Du <= Du.max | D72: ? | E72: =IF(E71<=E69,"OK!","!!!!!!!!!") -> !!!!!!!!! | F72: =IF(F71<=F69,"OK!","!!!!!!!!!") -> OK! | G72: =IF(G71<=G69,"OK!","!!!!!!!!!") -> OK!
B73: Protecção contra curto-circuitos
C74: Zmont - Impedância da rede a montante | D74: mW | E74: =$E$16*$E$17*$E$9/SQRT(3)/$E$13 -> 3.38751 | F74: =$E$16*$E$17*$E$9/SQRT(3)/$E$13 -> 3.38751 | G74: =$E$16*$E$17*$E$9/SQRT(3)/$E$13 -> 3.38751
C75: Rcabo1 - resistência do cabo (Ik1.min) | D75: mW | E75: =E68*$E$10*(1/E58+1/E59)*1000 -> 1465.5999 | F75: =F68*$E$10*(1/F58+1/F59)*1000 -> 879.35996 | G75: =G68*$E$10*(1/G58+1/G59)*1000 -> 549.59998
C76: Rcabo2 - resistência do cabo (Ik2.min) | D76: mW | E76: =E68*$E$10*2/E58*1000 -> 1465.5999 | F76: =F68*$E$10*2/F58*1000 -> 879.35996 | G76: =G68*$E$10*2/G58*1000 -> 549.59998
C77: Xcabo - reatância do cabo | D77: mW | E77: =2*$E$27*$E$10 -> 32 | F77: =2*$E$27*$E$10 -> 32 | G77: =2*$E$27*$E$10 -> 32
C78: Zcabo1 - Impedância do cabo (Ik1.min) | D78: mW | E78: =SQRT(E75^2+E77^2) -> 1465.9492 | F78: =SQRT(F75^2+F77^2) -> 879.94201 | G78: =SQRT(G75^2+G77^2) -> 550.53078
C79: Zcabo2 - Impedância do cabo (Ik2.min) | D79: mW | E79: =SQRT(E76^2+E77^2) -> 1465.9492 | F79: =SQRT(F76^2+F77^2) -> 879.94201 | G79: =SQRT(G76^2+G77^2) -> 550.53078
C80: Zcc1 - Impedância de curto-circuito equivalente (Ik1.min) | D80: mW | E80: =E74+E78 -> 1469.3368 | F80: =F74+F78 -> 883.32952 | G80: =G74+G78 -> 553.91829
C81: Zcc2 - Impedância de curto-circuito equivalente (Ik2.min) | D81: mW | E81: =E74+E79 -> 1469.3368 | F81: =F74+F79 -> 883.32952 | G81: =G74+G79 -> 553.91829
C82: Ik1.min - Corrente de curto-circuito mínima monofásica | D82: A | E82: =$E$16*$E$17*$E$9/SQRT(3)/E80*1000 -> 156.7801 | F82: =$E$16*$E$17*$E$9/SQRT(3)/F80*1000 -> 260.78915 | G82: =$E$16*$E$17*$E$9/SQRT(3)/G80*1000 -> 415.87859
C83: Ik2.min - Corrente de curto-circuito mínima bifásica | D83: A | E83: =$E$16*$E$17*$E$9/E81*1000 -> 271.55109 | F83: =$E$16*$E$17*$E$9/F81*1000 -> 451.70006 | G83: =$E$16*$E$17*$E$9/G81*1000 -> 720.32285
C84: Mínimo (Ik1.min.jusante ou Ik2.min.jusante) | D84: A | E84: =MIN(E82:E83) -> 156.7801 | F84: =MIN(F82:F83) -> 260.78915 | G84: =MIN(G82:G83) -> 415.87859
C85: Tempo máximo de curto-circuito | D85: s | E85: 5 | F85: 5 | G85: 5
C86: I / Ir | D86: - | E86: =E84/$E$48 -> 6.3991876 | F86: =F84/$E$48 -> 10.644455 | G86: =G84/$E$48 -> 16.974636
C87: tft - tempo de fadiga térmica | D87: s | E87: =($E$26*E58/E84)^2 -> 29.949717 | F87: =($E$26*F58/F84)^2 -> 30.067203 | G87: =($E$26*G58/G84)^2 -> 30.267664
C88: tc - tempo de corte para I / Ir | D88: s | E88: 9 | F88: 4.5 | G88: 0.01 | H88: Curva fabricante
C89: Condição: Icc.max <= Ics | D89: ? | E89: =IF($E$13<=E52,"OK!","!!!!!!!!!") -> OK! | F89: =IF($E$13<=F52,"OK!","!!!!!!!!!") -> OK! | G89: =IF($E$13<=F52,"OK!","!!!!!!!!!") -> OK!
C90: Condição: tc < tft | D90: ? | E90: =IF(E88<=E87,"OK!","!!!!!!!!!") -> OK! | F90: =IF(F88<=F87,"OK!","!!!!!!!!!") -> OK! | G90: =IF(G88<=G87,"OK!","!!!!!!!!!") -> OK!
C91: Condição: tc < 5 s | D91: ? | E91: =IF(E88<=E85,"OK!","!!!!!!!!!") -> !!!!!!!!! | F91: =IF(F88<=F85,"OK!","!!!!!!!!!") -> OK! | G91: =IF(G88<=G85,"OK!","!!!!!!!!!") -> OK!
B92: Protecção de pessoas
C93: Zs - impedância da malha de defeito | D93: mW | E93: =E80 -> 1469.3368 | F93: =F80 -> 883.32952 | G93: =G80 -> 553.91829
C94: ta - tempo máximo de actuação protecção | D94: s | E94: 0.4 | F94: 0.4 | G94: 0.4
C95: Ia - Corrente de funcionamento para ta | D95: A | E95: =12*$E$47 -> 300 | F95: =12*$E$47 -> 300 | G95: =12*$E$47 -> 300
C96: Zs.Ia - Condição de protecção TN | D96: V | E96: =E93*E95/1000 -> 440.80103 | F96: =F93*F95/1000 -> 264.99886 | G96: =G93*G95/1000 -> 166.17549
C97: Condição: Zs.Ia <= U0 | D97: ? | E97: =IF(E96<=($E$9/SQRT(3)),"OK!","!!!!!!!!!") -> !!!!!!!!! | F97: =IF(F96<=($E$9/SQRT(3)),"OK!","!!!!!!!!!") -> !!!!!!!!! | G97: =IF(G96<=($E$9/SQRT(3)),"OK!","!!!!!!!!!") -> OK!
B98: Resumo
C99: NSX100H 3P3D TM25D; I'r = 25 A; Im = 300 A
C100: XV4x16 0,6/1kV

Sheet 07.4
A1: Fusível
B4: Dados Máquina
C5: Potência instalada | D5: kVA | E5: 100
C6: Potência de serviço | D6: kW | E6: =E5*E8 -> 80
C7: Factor de simultaneidade | D7: % | E7: 100
C8: Factor de potência | D8: - | E8: 0.8
B9: Dados Rede
C10: Tensão composta | D10: V | E10: 400
C11: Comprimento | D11: m | E11: 210
C12: Ucc, transformador a montante | D12: % | E12: 4.5
C13: Potência, transformador a montante | D13: kVA | E13: 1000
C14: Ik3.máx | D14: kA | E14: =E13/SQRT(3)/E10/E12*100 -> 32.075015
C15: b, tipo de rede (1-trifásico equilibrado; 2 - outros) | D15: - | E15: 1
C16: Cmax, fator de tensão máximo | D16: - | E16: 1.05
C17: Cmin, fator de tensão mínimo | E17: 0.95
C18: m, fator de carga em vazio | D18: - | E18: 1.05
C19: Regime de neutro | D19: - | E19: TN-C
B20: Dados cabo
C21: Tipo de cabo | D21: - | E21: XV
C22: Tipo de material condutor | D22: - | E22: Cobre
C23: Resistividade do material condutor a 20 ºC | D23: W.mm2/m | E23: 0.017241 | F23: Anexo VI
C24: Coeficiente de variação de resistividade a 20 ºC | D24: K-1 | E24: 0.00393 | F24: Anexo VI
C25: Temperatura máxima de funcionamento | D25: ºC | E25: 90 | F25: Quadro 52A
C26: Isolamento | D26: - | E26: XLPE | F26: Anexo IIB
C27: k - constante do isolamento cabo | D27: - | E27: 143 | F27: Secção 434
C28: l - Reatância linear do cabo | D28: mW/m | E28: 0.08
C29: Polaridade cabo | D29: - | E29: Monocondutor
C30: Modo instalação | D30: - | E30: Caminho cabos perf.
C31: Tipo de colocação | D31: - | E31: triângulo
C32: Secção condutor PEN | D32: mm2 | E32: Igual ao da fase
C33: Agrupamento de cabos | D33: - | E33: 3
B34: Dados bioclimáticos
C35: Temperatura ambiente | D35: ºC | E35: 40
C36: Temperatura do solo | D36: ºC | E36: -
C37: Resistividade térmica terreno | D37: K.m/W | E37: -
B39: IB | C39: Corrente de serviço | D39: A | E39: =E6*E7/100/E8/SQRT(3)/E10*1000 -> 144.33757
C40: Referência do modo de instalação | D40: - | E40: 13 | F40: Quadro 52H
C41: Método de referência do modo de instalação | D41: - | E41: F | F41: Quadro 52H
B43: Factores de correcção
C44: Função da temperatura ambiente | D44: - | E44: 0.91 | F44: Quadro 52-D1
C45: Agrupamento de cabos monocondutores | D45: - | E45: 0.96 | F45: Quadro 52-E5
C46: Factor de correcção total | D46: - | E46: =E44*E45 -> 0.8736
B47: Fusível / Disjuntor
C48: In - Calibre | D48: A | E48: 160
C49: Ir - Regulação térmica | D49: A | E49: =E48 -> 160
C50: Im - Regulação magnética | D50: A | E50: -
C51: k2 | D51: - | E51: 1.6 | F51: In>=16
C52: I2 - Corrente de funcionamento | D52: A | E52: =E51*E49 -> 256
C53: Ics - poder de corte em serviço | D53: kA | E53: 100
C54: Nível de disparo de protecção térmica | D54: - | E54: -
E56: 1.ª Iteração | F56: 2.ª Iteração
B57: Cabo
C58: Secção do cabo (fase) | D58: mm2 | E58: 50 | F58: 70 | G58: Quadro 52-C11
C59: Secção do cabo (neutro) | D59: mm2 | E59: 50 | F59: 70 | G59: Quadro 54F
C60: I'z - Corrente máxima admissível sem correcção | D60: A | E60: 207 | F60: 207 | G60: Quadro 52-C11
C61: Iz - Corrente máxima admissível com correcção | D61: A | E61: =E60*E46 -> 180.8352 | F61: =F60*F46 -> 0
C62: 1,45.Iz - Fadiga térmica | D62: A | E62: =1.45*E61 -> 262.21104 | F62: =1.45*F61 -> 0
B63: Protecção contra sobrecargas
C64: Condição: IB <= In | D64: ? | E64: =IF(E39<=E49,"OK!","!!!!!!!!!") -> OK! | F64: =IF(F39<=F49,"OK!","!!!!!!!!!") -> OK!
C65: Condição: In <= Iz | D65: ? | E65: =IF(E49<=E61,"OK!","!!!!!!!!!") -> OK! | F65: =IF(F49<=F61,"OK!","!!!!!!!!!") -> OK!
C66: Condição: I2 <= 1,45.Iz | D66: ? | E66: =IF(E52<=E62,"OK!","!!!!!!!!!") -> OK! | F66: =IF(F52<=F62,"OK!","!!!!!!!!!") -> OK!
B67: Queda de tensão
C68: Resistividade material condutor (temp. máxima) | D68: W.mm2/m | E68: =$E$23*(1+$E$24*($E$25-20)) -> 0.021983999 | F68: =$E$23*(1+$E$24*($E$25-20)) -> 0.021983999
C69: Du.max | D69: % | E69: 0.05 | F69: 0.05 | G69: Quadro 52O
C70: u - queda de tensão absoluta | D70: V | E70: =(E68*$E$11/E58*$E$8+0.08/1000*$E$11*SIN(ACOS($E$8)))*$E$39 -> 12.116596 | F70: =(F68*$E$11/F58*$E$8+0.08/1000*$E$11*SIN(ACOS($E$8)))*$E$39 -> 9.0704034
C71: Du - queda de tensão percentual | D71: % | E71: =E70*SQRT(3)/$E$10 -> 0.052466398 | F71: =F70*SQRT(3)/$E$10 -> 0.039275999
C72: Condição: Du <= Du.max | D72: ? | E72: =IF(E71<=E69,"OK!","!!!!!!!!!") -> !!!!!!!!! | F72: =IF(F71<=F69,"OK!","!!!!!!!!!") -> OK!
B73: Protecção contra curto-circuitos
C74: Zmont - Impedância da rede a montante | D74: mW | E74: =$E$17*$E$18*$E$10/SQRT(3)/$E$14 -> 7.182 | F74: =$E$17*$E$18*$E$10/SQRT(3)/$E$14 -> 7.182
C75: Rcabo1 - resistência do cabo (Ik1.min) | D75: mW | E75: =E68*$E$11*(1/E58+1/E59)*1000 -> 184.66559 | F75: =F68*$E$11*(1/F58+1/F59)*1000 -> 131.90399
C76: Rcabo2 - resistência do cabo (Ik2.min) | D76: mW | E76: =E68*$E$11*2/E58*1000 -> 184.66559 | F76: =F68*$E$11*2/F58*1000 -> 131.90399
C77: Xcabo - reatância do cabo | D77: mW | E77: =2*$E$28*$E$11 -> 33.6 | F77: =2*$E$28*$E$11 -> 33.6
C78: Zcabo1 - Impedância do cabo (Ik1.min) | D78: mW | E78: =SQRT(E75^2+E77^2) -> 187.69747 | F78: =SQRT(F75^2+F77^2) -> 136.11621
C79: Zcabo2 - Impedância do cabo (Ik2.min) | D79: mW | E79: =SQRT(E76^2+E77^2) -> 187.69747 | F79: =SQRT(F76^2+F77^2) -> 136.11621
C80: Zcc1 - Impedância de curto-circuito equivalente (Ik1.min) | D80: mW | E80: =E74+E78 -> 194.87947 | F80: =F74+F78 -> 143.29821
C81: Zcc2 - Impedância de curto-circuito equivalente (Ik2.min) | D81: mW | E81: =E74+E79 -> 194.87947 | F81: =F74+F79 -> 143.29821
C82: Ik1.min - Corrente de curto-circuito mínima monofásica | D82: A | E82: =$E$17*$E$18*$E$10/SQRT(3)/E80*1000 -> 1182.0781 | F82: =$E$17*$E$18*$E$10/SQRT(3)/F80*1000 -> 1607.5759
C83: Ik2.min - Corrente de curto-circuito mínima bifásica | D83: A | E83: =$E$17*$E$18*$E$10/E81*1000 -> 2047.4193 | F83: =$E$17*$E$18*$E$10/F81*1000 -> 2784.4032
C84: Mínimo (Ik1.min.jusante ou Ik2.min.jusante) | D84: A | E84: =MIN(E82:E83) -> 1182.0781 | F84: =MIN(F82:F83) -> 1607.5759
C85: Tempo máximo de curto-circuito | D85: s | E85: 5 | F85: 5
C86: I / Ir | D86: - | E86: =E84/$E$49 -> 7.3879882 | F86: =F84/$E$49 -> 10.047349
C87: tft - tempo de fadiga térmica | D87: s | E87: =($E$27*E58/E84)^2 -> 36.586405 | F87: =($E$27*F58/F84)^2 -> 38.772622
C88: tc - tempo de corte para I / Ir | D88: s | E88: 0.4 | F88: 0.15 | G88: Curva fabricante
C89: Condição: Icc.max <= Ics | D89: ? | E89: =IF(E14<=E53,"OK!","!!!!!!!!!") -> OK! | F89: =IF(F14<=F53,"OK!","!!!!!!!!!") -> OK!
C90: Condição: tc < tft | D90: ? | E90: =IF(E88<=E87,"OK!","!!!!!!!!!") -> OK! | F90: =IF(F88<=F87,"OK!","!!!!!!!!!") -> OK!
C91: Condição: tc < 5 s | D91: ? | E91: =IF(E88<=E85,"OK!","!!!!!!!!!") -> OK! | F91: =IF(F88<=F85,"OK!","!!!!!!!!!") -> OK!
B92: Protecção de pessoas
C93: Zs - impedância da malha de defeito | D93: mW | E93: =E80 -> 194.87947 | F93: =F80 -> 143.29821
C94: ta - tempo máximo de actuação protecção | D94: s | E94: 0.4 | F94: 0.4
C95: Ia - Corrente de funcionamento para ta | D95: A | E95: 1200 | F95: =$E$95 -> 1200
C96: Zs.Ia - Condição de protecção TN | D96: V | E96: =E93*E95/1000 -> 233.85537 | F96: =F93*F95/1000 -> 171.95786
C97: Condição: Zs.Ia <= U0 | D97: ? | E97: =IF(E96<=($E$10/SQRT(3)),"OK!","!!!!!!!!!") -> !!!!!!!!! | F97: =IF(F96<=($E$10/SQRT(3)),"OK!","!!!!!!!!!") -> OK!
B98: Resumo
C99: Fusível gG 160 A (x3) PDC 100 kA
C100: XV 4x70 0,6/1kV

Sheet airo4
A1: Disjuntor
B4: Dados Máquina
C5: Potência de serviço | D5: kW | E5: 212
C6: Factor de simultaneidade | D6: % | E6: 77
C7: Factor de potência | D7: - | E7: 0.98
B8: Dados Rede
C9: Tensão composta | D9: V | E9: 400
C10: Comprimento | D10: m | E10: 50
C11: Ucc, transformador a montante | D11: % | E11: 4.245
C12: Potência, transformador a montante | D12: kVA | E12: 1000
C13: Ik3.máx | D13: kA | E13: =E12/SQRT(3)/E9/E11*100 -> 34.001783
C14: b, tipo de rede (1-trifásico equilibrado; 2 - outros) | D14: - | E14: 1
C15: Cmax, fator de tensão máximo | D15: - | E15: 1.05
C16: Cmin, fator de tensão mínimo | E16: 0.95
C17: m, fator de carga em vazio | D17: - | E17: 1.05
C18: Regime de neutro | D18: - | E18: TN-C
B19: Dados cabo
C20: Tipo de cabo | D20: - | E20: XV
C21: Tipo de material condutor | D21: - | E21: Cobre
C22: Resistividade do material condutor a 20 ºC | D22: W.mm2/m | E22: 0.017241 | F22: Anexo VI
C23: Coeficiente de variação de resistividade a 20 ºC | D23: K-1 | E23: 0.00393 | F23: Anexo VI
C24: Temperatura máxima de funcionamento | D24: ºC | E24: 90 | F24: Quadro 52A
C25: Isolamento | D25: - | E25: XLPE | F25: Anexo IIB
C26: k - constante do isolamento cabo | D26: - | E26: 143 | F26: Secção 434
C27: l - Reatância linear do cabo | D27: mW/m | E27: 0.08
C28: Polaridade cabo | D28: - | E28: Monocondutor
C29: Modo instalação | D29: - | E29: Condutas enterradas
C30: Tipo de colocação | D30: - | E30: triângulo
C31: Secção condutor PEN | D31: mm2 | E31: Igual ao da fase
C32: Agrupamento de cabos | D32: - | E32: 3
B33: Dados bioclimáticos
C34: Temperatura ambiente | D34: ºC | E34: 45
C35: Temperatura do solo | D35: ºC | E35: 30
C36: Resistividade térmica terreno | D36: K.m/W | E36: 1.2
B38: IB | C38: Corrente de serviço | D38: A | E38: =E5*E6/100/E7/SQRT(3)/E9*1000 -> 240.42515
C39: Referência do modo de instalação | D39: - | E39: 61 | F39: Quadro 52H
C40: Método de referência do modo de instalação | D40: - | E40: D | F40: Quadro 52H
B42: Factores de correcção
C43: Função da temperatura do solo | D43: - | E43: 0.93 | F43: Quadro 52-D2
C44: Resistividade térmica do solo | D44: - | E44: 0.94 | F44: Quadro 52-E6
C45: Colocação dentro de tubo | D45: - | E45: 0.8 | F45: Quadro 52-C30
C46: Factor de correcção total | D46: - | E46: =E43*E44*E45 -> 0.69936
B47: Fusível / Disjuntor
C48: In - Calibre | D48: A | E48: 250
C49: Ir - Regulação térmica | D49: A | E49: 244
C50: Im - Regulação magnética | D50: A | E50: =10*E48 -> 2500
C51: Factor multiplicativo I2 | D51: - | E51: 1.3 | F51: Disj. Industrial
C52: I2 - Corrente de funcionamento | D52: A | E52: =E51*E49 -> 317.2
C53: Ics - poder de corte em serviço | D53: kA | E53: 36 | F53: Fabricante
C54: Nível de disparo de protecção térmica | D54: - | E54: -
B55: Cabo
C56: Iz_min - Corrente admissível mínima sem FC | D56: A | E56: =E49/E46 -> 348.89041
C57: Secção do cabo (fase) | D57: mm2 | E57: 150 | F57: Quadro 52-C30
C58: Secção do cabo (neutro) | D58: mm2 | E58: =E57 -> 150 | F58: Quadro 54F
C59: I'z - Corrente máxima admissível sem correcção | D59: A | E59: 387 | F59: Quadro 52-C11
C60: Iz - Corrente máxima admissível com correcção | D60: A | E60: =E59*E46 -> 270.65232
C61: 1,45.Iz - Fadiga térmica | D61: A | E61: =1.45*E60 -> 392.44586
B62: Protecção contra sobrecargas
C63: Condição: IB <= In | D63: ? | E63: =IF(E38<=E49,"OK!","!!!!!!!!!") -> OK!
C64: Condição: In <= Iz | D64: ? | E64: =IF(E49<=E60,"OK!","!!!!!!!!!") -> OK!
C65: Condição: I2 <= 1,45.Iz | D65: ? | E65: =IF(E52<=E61,"OK!","!!!!!!!!!") -> OK!
B66: Queda de tensão
C67: Resistividade material condutor (temp. máxima) | D67: W.mm2/m | E67: =E22*(1+E23*(E24-20)) -> 0.021983999
C68: Du.max | D68: % | E68: 0.05 | F68: Quadro 52O
C69: u - queda de tensão absoluta | D69: V | E69: =(E67*E10/E57*E7+0.08/1000*E10*SIN(ACOS(E7)))*E38 -> 1.9179747
C70: Du - queda de tensão percentual | D70: % | E70: =E69*SQRT(3)/E9 -> 0.0083050741
C71: Condição: Du <= Du.max | D71: ? | E71: =IF(E70<=E68,"OK!","!!!!!!!!!") -> OK!
B72: Protecção contra curto-circuitos
C73: Zmont - Impedância da rede a montante | D73: mW | E73: =E16*E17*E9/SQRT(3)/E13 -> 6.77502
C74: Rcabo1 - resistência do cabo (Ik1.min) | D74: mW | E74: =E67*E10*(1/E57+1/E58)*1000 -> 14.655999
C75: Rcabo2 - resistência do cabo (Ik2.min) | D75: mW | E75: =E67*E10*2/E57*1000 -> 14.655999
C76: Xcabo - reatância do cabo | D76: mW | E76: =E27*E10*2 -> 8
C77: Zcabo1 - Impedância do cabo (Ik1.min) | D77: mW | E77: =SQRT(E74^2+E76^2) -> 16.697255
C78: Zcabo2 - Impedância do cabo (Ik2.min) | D78: mW | E78: =SQRT(E75^2+E76^2) -> 16.697255
C79: Zcc1 - Impedância de curto-circuito equivalente (Ik1.min) | D79: mW | E79: =E73+E77 -> 23.472275
C80: Zcc2 - Impedância de curto-circuito equivalente (Ik2.min) | D80: mW | E80: =E73+E78 -> 23.472275
C81: Ik1.min - Corrente de curto-circuito mínima monofásica | D81: A | E81: =E16*E17*E9/SQRT(3)/E79*1000 -> 9814.2493
C82: Ik2.min - Corrente de curto-circuito mínima bifásica | D82: A | E82: =E16*E17*E9/E80*1000 -> 16998.778
C83: Mínimo (Ik1.min.jusante ou Ik2.min.jusante) | D83: A | E83: =MIN(E81:E82) -> 9814.2493
C84: Tempo máximo de curto-circuito | D84: s | E84: 5
C85: I / Ir | D85: - | E85: =E83/E49 -> 40.222333
C86: tft - tempo de fadiga térmica | D86: s | E86: =(E26*E57/E83)^2 -> 4.776837
C87: tc - tempo de corte para I / Ir | D87: s | E87: 0.01 | F87: Curva fabricante
C88: Condição: Ik3.max <= Ics | D88: ? | E88: =IF(E13<=E53,"OK!","!!!!!!!!!") -> OK!
C89: Condição: tc < tft | D89: ? | E89: =IF(E87<=E86,"OK!","!!!!!!!!!") -> OK!
C90: Condição: tc < 5 s | D90: ? | E90: =IF(E87<=E84,"OK!","!!!!!!!!!") -> OK!
B91: Protecção de pessoas
C92: Zs - impedância da malha de defeito | D92: mW | E92: =E79 -> 23.472275
C93: ta - tempo máximo de actuação protecção | D93: s | E93: 0.4 | F93: Quadro 41A
C94: Ia - Corrente de funcionamento para ta | D94: A | E94: 2500
C95: Zs.Ia - Condição de protecção TN | D95: V | E95: =E92*E94/1000 -> 58.680687
C96: Condição: Zs.Ia <= U0 | D96: ? | E96: =IF(E95<=(E9/SQRT(3)),"OK!","!!!!!!!!!") -> OK!
B97: Resumo
C98: NSX250F 3P3D TM250D, I'r = 250 A; Im = 2.500 A
C99: 4 x XV 1x150 0,6/1kV

Sheet 09
C8: 15. | K8: S.norm
D9: I | E9: A | F9: ='07.2'!N42*1000 -> 51843.142 | K9: mm2
D10: k | E10: - | F10: 143 | K10: 1.5
D11: t | E11: s | F11: 0.5 | G11: Tempo máximo p/ proteção MT | K11: 2.5
D12: Spe.1 | E12: mm2 | F12: =F9*SQRT(F11)/F10 -> 256.35411 | G12: [543.1.1] | K12: 4
D13: Spe.1.nor | E13: mm2 | F13: 2x150 | K13: 6
K14: 10
D15: Sfase | E15: mm2 | F15: 4x150 | K15: 16
D16: Spe.min | E16: mm2 | F16: 2x150 | G16: Quadro 54F | K16: 25
K17: 35
K18: 50
D19: Spe.min.nor | E19: mm2 | F19: 2x150 | K19: 70
K20: 95
K21: 120
K22: 150
C23: 16. | K23: 185
D24: I | E24: A | F24: ='07.2'!N44*1000 -> 44559.365 | K24: 240
D25: k | E25: - | F25: 176 | K25: 300
D26: t | E26: s | F26: 0.005 | G26: Tempo p/ disjuntor C1
D27: Spe.1 | E27: mm2 | F27: =F24*SQRT(F26)/F25 -> 17.902403 | G27: [543.1.1]
D28: Spe.1.nor | E28: mm2 | F28: 25
D30: Sfase | E30: mm2 | F30: 16
D31: Spe.min | E31: mm2 | F31: 16 | G31: Quadro 54F
D32: Spe.min.nor | E32: mm2 | F32: 16
D34: Spe.min.nor | E34: mm2 | F34: =F32 -> 16

Sheet ELT
C3: IT - neutro distribuído
C5: m = 1 | D5: 1
C6: UL = 50 V
C7: U | D7: 230
C8: Cobre | D8: 0.0225
C9: Imag = 10.Ir | D9: 10
C12: Secção (S) | D12: Intensidade de corrente Estipulada (In)
C13: mm2 | D13: 16 | E13: 20 | F13: 25 | G13: 32 | H13: 40 | I13: 50 | J13: 63 | K13: 80 | L13: 100 | M13: 125 | N13: 160 | O13: 200 | P13: 250 | Q13: 320 | R13: 400 | S13: 500 | T13: 630
C14: 1.5 | D14: =0.8*$D$7*$C14/(2*$D$8*(1+$D$5)*D$13*$D$9) -> 19.166667 | E14: =0.8*$D$7*$C14/(2*$D$8*(1+$D$5)*E$13*$D$9) -> 15.333333 | F14: =0.8*$D$7*$C14/(2*$D$8*(1+$D$5)*F$13*$D$9) -> 12.266667 | G14: =0.8*$D$7*$C14/(2*$D$8*(1+$D$5)*G$13*$D$9) -> 9.5833333 | H14: =0.8*$D$7*$C14/(2*$D$8*(1+$D$5)*H$13*$D$9) -> 7.6666667 | I14: =0.8*$D$7*$C14/(2*$D$8*(1+$D$5)*I$13*$D$9) -> 6.1333333 | J14: =0.8*$D$7*$C14/(2*$D$8*(1+$D$5)*J$13*$D$9) -> 4.8677249 | K14: =0.8*$D$7*$C14/(2*$D$8*(1+$D$5)*K$13*$D$9) -> 3.8333333
C15: 2.5 | D15: =0.8*$D$7*$C15/(2*$D$8*(1+$D$5)*D$13*$D$9) -> 31.944444 | E15: =0.8*$D$7*$C15/(2*$D$8*(1+$D$5)*E$13*$D$9) -> 25.555556 | F15: =0.8*$D$7*$C15/(2*$D$8*(1+$D$5)*F$13*$D$9) -> 20.444444 | G15: =0.8*$D$7*$C15/(2*$D$8*(1+$D$5)*G$13*$D$9) -> 15.972222 | H15: =0.8*$D$7*$C15/(2*$D$8*(1+$D$5)*H$13*$D$9) -> 12.777778 | I15: =0.8*$D$7*$C15/(2*$D$8*(1+$D$5)*I$13*$D$9) -> 10.222222 | J15: =0.8*$D$7*$C15/(2*$D$8*(1+$D$5)*J$13*$D$9) -> 8.1128748 | K15: =0.8*$D$7*$C15/(2*$D$8*(1+$D$5)*K$13*$D$9) -> 6.3888889 | ... M15: =0.8*$D$7*$C15/(2*$D$8*(1+$D$5)*M$13*$D$9) -> 4.0888889
C16: 4 | D16: =0.8*$D$7*$C16/(2*$D$8*(1+$D$5)*D$13*$D$9) -> 51.111111 | E16: =0.8*$D$7*$C16/(2*$D$8*(1+$D$5)*E$13*$D$9) -> 40.888889 | F16: =0.8*$D$7*$C16/(2*$D$8*(1+$D$5)*F$13*$D$9) -> 32.711111 | G16: =0.8*$D$7*$C16/(2*$D$8*(1+$D$5)*G$13*$D$9) -> 25.555556 | H16: =0.8*$D$7*$C16/(2*$D$8*(1+$D$5)*H$13*$D$9) -> 20.444444 | I16: =0.8*$D$7*$C16/(2*$D$8*(1+$D$5)*I$13*$D$9) -> 16.355556 | J16: =0.8*$D$7*$C16/(2*$D$8*(1+$D$5)*J$13*$D$9) -> 12.9806 | K16: =0.8*$D$7*$C16/(2*$D$8*(1+$D$5)*K$13*$D$9) -> 10.222222 | ... O16: =0.8*$D$7*$C16/(2*$D$8*(1+$D$5)*O$13*$D$9) -> 4.0888889
C17: 6 | D17: =0.8*$D$7*$C17/(2*$D$8*(1+$D$5)*D$13*$D$9) -> 76.666667 | E17: =0.8*$D$7*$C17/(2*$D$8*(1+$D$5)*E$13*$D$9) -> 61.333333 | F17: =0.8*$D$7*$C17/(2*$D$8*(1+$D$5)*F$13*$D$9) -> 49.066667 | G17: =0.8*$D$7*$C17/(2*$D$8*(1+$D$5)*G$13*$D$9) -> 38.333333 | H17: =0.8*$D$7*$C17/(2*$D$8*(1+$D$5)*H$13*$D$9) -> 30.666667 | I17: =0.8*$D$7*$C17/(2*$D$8*(1+$D$5)*I$13*$D$9) -> 24.533333 | J17: =0.8*$D$7*$C17/(2*$D$8*(1+$D$5)*J$13*$D$9) -> 19.470899 | K17: =0.8*$D$7*$C17/(2*$D$8*(1+$D$5)*K$13*$D$9) -> 15.333333 | ... P17: =0.8*$D$7*$C17/(2*$D$8*(1+$D$5)*P$13*$D$9) -> 4.9066667
C18: 10 | D18: =0.8*$D$7*$C18/(2*$D$8*(1+$D$5)*D$13*$D$9) -> 127.77778 | E18: =0.8*$D$7*$C18/(2*$D$8*(1+$D$5)*E$13*$D$9) -> 102.22222 | F18: =0.8*$D$7*$C18/(2*$D$8*(1+$D$5)*F$13*$D$9) -> 81.777778 | G18: =0.8*$D$7*$C18/(2*$D$8*(1+$D$5)*G$13*$D$9) -> 63.888889 | H18: =0.8*$D$7*$C18/(2*$D$8*(1+$D$5)*H$13*$D$9) -> 51.111111 | I18: =0.8*$D$7*$C18/(2*$D$8*(1+$D$5)*I$13*$D$9) -> 40.888889 | J18: =0.8*$D$7*$C18/(2*$D$8*(1+$D$5)*J$13*$D$9) -> 32.451499 | K18: =0.8*$D$7*$C18/(2*$D$8*(1+$D$5)*K$13*$D$9) -> 25.555556 | ... R18: =0.8*$D$7*$C18/(2*$D$8*(1+$D$5)*R$13*$D$9) -> 5.1111111
C19: 16 | D19: =0.8*$D$7*$C19/(2*$D$8*(1+$D$5)*D$13*$D$9) -> 204.44444 | E19: =0.8*$D$7*$C19/(2*$D$8*(1+$D$5)*E$13*$D$9) -> 163.55556 | F19: =0.8*$D$7*$C19/(2*$D$8*(1+$D$5)*F$13*$D$9) -> 130.84444 | G19: =0.8*$D$7*$C19/(2*$D$8*(1+$D$5)*G$13*$D$9) -> 102.22222 | H19: =0.8*$D$7*$C19/(2*$D$8*(1+$D$5)*H$13*$D$9) -> 81.777778 | I19: =0.8*$D$7*$C19/(2*$D$8*(1+$D$5)*I$13*$D$9) -> 65.422222 | J19: =0.8*$D$7*$C19/(2*$D$8*(1+$D$5)*J$13*$D$9) -> 51.922399 | K19: =0.8*$D$7*$C19/(2*$D$8*(1+$D$5)*K$13*$D$9) -> 40.888889 | ... T19: =0.8*$D$7*$C19/(2*$D$8*(1+$D$5)*T$13*$D$9) -> 5.1922399
C20: 25 | D20: =0.8*$D$7*$C20/(2*$D$8*(1+$D$5)*D$13*$D$9) -> 319.44444 | E20: =0.8*$D$7*$C20/(2*$D$8*(1+$D$5)*E$13*$D$9) -> 255.55556 | F20: =0.8*$D$7*$C20/(2*$D$8*(1+$D$5)*F$13*$D$9) -> 204.44444 | G20: =0.8*$D$7*$C20/(2*$D$8*(1+$D$5)*G$13*$D$9) -> 159.72222 | H20: =0.8*$D$7*$C20/(2*$D$8*(1+$D$5)*H$13*$D$9) -> 127.77778 | I20: =0.8*$D$7*$C20/(2*$D$8*(1+$D$5)*I$13*$D$9) -> 102.22222 | J20: =0.8*$D$7*$C20/(2*$D$8*(1+$D$5)*J$13*$D$9) -> 81.128748 | K20: =0.8*$D$7*$C20/(2*$D$8*(1+$D$5)*K$13*$D$9) -> 63.888889 | ... T20: =0.8*$D$7*$C20/(2*$D$8*(1+$D$5)*T$13*$D$9) -> 8.1128748
C21: 35 | D21: =0.8*$D$7*$C21/(2*$D$8*(1+$D$5)*D$13*$D$9) -> 447.22222 | E21: =0.8*$D$7*$C21/(2*$D$8*(1+$D$5)*E$13*$D$9) -> 357.77778 | F21: =0.8*$D$7*$C21/(2*$D$8*(1+$D$5)*F$13*$D$9) -> 286.22222 | G21: =0.8*$D$7*$C21/(2*$D$8*(1+$D$5)*G$13*$D$9) -> 223.61111 | H21: =0.8*$D$7*$C21/(2*$D$8*(1+$D$5)*H$13*$D$9) -> 178.88889 | I21: =0.8*$D$7*$C21/(2*$D$8*(1+$D$5)*I$13*$D$9) -> 143.11111 | J21: =0.8*$D$7*$C21/(2*$D$8*(1+$D$5)*J$13*$D$9) -> 113.58025 | K21: =0.8*$D$7*$C21/(2*$D$8*(1+$D$5)*K$13*$D$9) -> 89.444444 | ... T21: =0.8*$D$7*$C21/(2*$D$8*(1+$D$5)*T$13*$D$9) -> 11.358025
C22: 50 | E22: =0.8*$D$7*$C22/(2*$D$8*(1+$D$5)*E$13*$D$9) -> 511.11111 | F22: =0.8*$D$7*$C22/(2*$D$8*(1+$D$5)*F$13*$D$9) -> 408.88889 | G22: =0.8*$D$7*$C22/(2*$D$8*(1+$D$5)*G$13*$D$9) -> 319.44444 | H22: =0.8*$D$7*$C22/(2*$D$8*(1+$D$5)*H$13*$D$9) -> 255.55556 | I22: =0.8*$D$7*$C22/(2*$D$8*(1+$D$5)*I$13*$D$9) -> 204.44444 | J22: =0.8*$D$7*$C22/(2*$D$8*(1+$D$5)*J$13*$D$9) -> 162.2575 | K22: =0.8*$D$7*$C22/(2*$D$8*(1+$D$5)*K$13*$D$9) -> 127.77778 | L22: =0.8*$D$7*$C22/(2*$D$8*(1+$D$5)*L$13*$D$9) -> 102.22222 | ... T22: =0.8*$D$7*$C22/(2*$D$8*(1+$D$5)*T$13*$D$9) -> 16.22575
C23: 70 | F23: =0.8*$D$7*$C23/(2*$D$8*(1+$D$5)*F$13*$D$9) -> 572.44444 | G23: =0.8*$D$7*$C23/(2*$D$8*(1+$D$5)*G$13*$D$9) -> 447.22222 | H23: =0.8*$D$7*$C23/(2*$D$8*(1+$D$5)*H$13*$D$9) -> 357.77778 | I23: =0.8*$D$7*$C23/(2*$D$8*(1+$D$5)*I$13*$D$9) -> 286.22222 | J23: =0.8*$D$7*$C23/(2*$D$8*(1+$D$5)*J$13*$D$9) -> 227.16049 | K23: =0.8*$D$7*$C23/(2*$D$8*(1+$D$5)*K$13*$D$9) -> 178.88889 | L23: =0.8*$D$7*$C23/(2*$D$8*(1+$D$5)*L$13*$D$9) -> 143.11111 | M23: =0.8*$D$7*$C23/(2*$D$8*(1+$D$5)*M$13*$D$9) -> 114.48889 | ... T23: =0.8*$D$7*$C23/(2*$D$8*(1+$D$5)*T$13*$D$9) -> 22.716049
C24: 95 | G24: =0.8*$D$7*$C24/(2*$D$8*(1+$D$5)*G$13*$D$9) -> 606.94444 | H24: =0.8*$D$7*$C24/(2*$D$8*(1+$D$5)*H$13*$D$9) -> 485.55556 | I24: =0.8*$D$7*$C24/(2*$D$8*(1+$D$5)*I$13*$D$9) -> 388.44444 | J24: =0.8*$D$7*$C24/(2*$D$8*(1+$D$5)*J$13*$D$9) -> 308.28924 | K24: =0.8*$D$7*$C24/(2*$D$8*(1+$D$5)*K$13*$D$9) -> 242.77778 | L24: =0.8*$D$7*$C24/(2*$D$8*(1+$D$5)*L$13*$D$9) -> 194.22222 | M24: =0.8*$D$7*$C24/(2*$D$8*(1+$D$5)*M$13*$D$9) -> 155.37778 | N24: =0.8*$D$7*$C24/(2*$D$8*(1+$D$5)*N$13*$D$9) -> 121.38889 | ... T24: =0.8*$D$7*$C24/(2*$D$8*(1+$D$5)*T$13*$D$9) -> 30.828924
C25: 120 | H25: =0.8*$D$7*$C25/(2*$D$8*(1+$D$5)*H$13*$D$9) -> 613.33333 | I25: =0.8*$D$7*$C25/(2*$D$8*(1+$D$5)*I$13*$D$9) -> 490.66667 | J25: =0.8*$D$7*$C25/(2*$D$8*(1+$D$5)*J$13*$D$9) -> 389.41799 | K25: =0.8*$D$7*$C25/(2*$D$8*(1+$D$5)*K$13*$D$9) -> 306.66667 | L25: =0.8*$D$7*$C25/(2*$D$8*(1+$D$5)*L$13*$D$9) -> 245.33333 | M25: =0.8*$D$7*$C25/(2*$D$8*(1+$D$5)*M$13*$D$9) -> 196.26667 | N25: =0.8*$D$7*$C25/(2*$D$8*(1+$D$5)*N$13*$D$9) -> 153.33333 | O25: =0.8*$D$7*$C25/(2*$D$8*(1+$D$5)*O$13*$D$9) -> 122.66667 | ... T25: =0.8*$D$7*$C25/(2*$D$8*(1+$D$5)*T$13*$D$9) -> 38.941799
C26: 150 | I26: =0.8*$D$7*$C26/(2*$D$8*(1+$D$5)*I$13*$D$9) -> 613.33333 | J26: =0.8*$D$7*$C26/(2*$D$8*(1+$D$5)*J$13*$D$9) -> 486.77249 | K26: =0.8*$D$7*$C26/(2*$D$8*(1+$D$5)*K$13*$D$9) -> 383.33333 | L26: =0.8*$D$7*$C26/(2*$D$8*(1+$D$5)*L$13*$D$9) -> 306.66667 | M26: =0.8*$D$7*$C26/(2*$D$8*(1+$D$5)*M$13*$D$9) -> 245.33333 | N26: =0.8*$D$7*$C26/(2*$D$8*(1+$D$5)*N$13*$D$9) -> 191.66667 | O26: =0.8*$D$7*$C26/(2*$D$8*(1+$D$5)*O$13*$D$9) -> 153.33333 | P26: =0.8*$D$7*$C26/(2*$D$8*(1+$D$5)*P$13*$D$9) -> 122.66667 | ... T26: =0.8*$D$7*$C26/(2*$D$8*(1+$D$5)*T$13*$D$9) -> 48.677249
C27: 185 | J27: =0.8*$D$7*$C27/(2*$D$8*(1+$D$5)*J$13*$D$9) -> 600.35273 | K27: =0.8*$D$7*$C27/(2*$D$8*(1+$D$5)*K$13*$D$9) -> 472.77778 | L27: =0.8*$D$7*$C27/(2*$D$8*(1+$D$5)*L$13*$D$9) -> 378.22222 | M27: =0.8*$D$7*$C27/(2*$D$8*(1+$D$5)*M$13*$D$9) -> 302.57778 | N27: =0.8*$D$7*$C27/(2*$D$8*(1+$D$5)*N$13*$D$9) -> 236.38889 | O27: =0.8*$D$7*$C27/(2*$D$8*(1+$D$5)*O$13*$D$9) -> 189.11111 | P27: =0.8*$D$7*$C27/(2*$D$8*(1+$D$5)*P$13*$D$9) -> 151.28889 | Q27: =0.8*$D$7*$C27/(2*$D$8*(1+$D$5)*Q$13*$D$9) -> 118.19444 | ... T27: =0.8*$D$7*$C27/(2*$D$8*(1+$D$5)*T$13*$D$9) -> 60.035273
C28: 240 | K28: =0.8*$D$7*$C28/(2*$D$8*(1+$D$5)*K$13*$D$9) -> 613.33333 | L28: =0.8*$D$7*$C28/(2*$D$8*(1+$D$5)*L$13*$D$9) -> 490.66667 | M28: =0.8*$D$7*$C28/(2*$D$8*(1+$D$5)*M$13*$D$9) -> 392.53333 | N28: =0.8*$D$7*$C28/(2*$D$8*(1+$D$5)*N$13*$D$9) -> 306.66667 | O28: =0.8*$D$7*$C28/(2*$D$8*(1+$D$5)*O$13*$D$9) -> 245.33333 | P28: =0.8*$D$7*$C28/(2*$D$8*(1+$D$5)*P$13*$D$9) -> 196.26667 | Q28: =0.8*$D$7*$C28/(2*$D$8*(1+$D$5)*Q$13*$D$9) -> 153.33333 | R28: =0.8*$D$7*$C28/(2*$D$8*(1+$D$5)*R$13*$D$9) -> 122.66667 | ... T28: =0.8*$D$7*$C28/(2*$D$8*(1+$D$5)*T$13*$D$9) -> 77.883598

Sheet gerador
C5: Saída | D5: S (kVA) | E5: cos phi | F5: Rendi(%) | G5: P (kW) | H5: Q (kVAr) | I5: S (kVA) | K5: Id/I | L5: cos phi arr
C6: 4 | D6: 100 | E6: 0.8 | G6: =D6*E6 -> 80 | H6: =G6*TAN(ACOS(E6)) -> 60
C7: 5 | E7: 0.85 | F7: 0.9 | G7: =45/F7 -> 50 | H7: =G7*TAN(ACOS(E7)) -> 30.987217 | K7: 2 | L7: 0.45
C8: 6 | E8: 0.85 | F8: 0.9 | G8: =7.5/F8 -> 8.3333333 | H8: =G8*TAN(ACOS(E8)) -> 5.1645362 | K8: 5 | L8: 0.45
C9: 7 e 8 | D9: 200 | E9: 0.95 | G9: =D9*E9 -> 190 | H9: =G9*TAN(ACOS(E9)) -> 62.44998
G11: =SUM(G6:G10) -> 328.33333 | H11: =SUM(H6:H10) -> 158.60173 | I11: =SQRT(G11^2+H11^2) -> 364.63309

Sheet pt_ex1
A1: Dimensionamento Elétrodos de Terra PT
C3: Exemplo 1
B4: DADOS
B5: Tensão linha | C5: Ul | D5: V | E5: 26400
H6: VALORES ADMISSÍVEIS
B7: Neutro impedante | H7: tmin | I7: tmax | J7: K | K7: n | L7: Vpa
B8: Resistência do neutro | C8: Rn | D8: W | E8: 12 | H8: 0.1 | I8: 0.9 | J8: 72 | K8: 1 | L8: -
B9: Reatância do neutro | C9: Xn | D9: W | E9: 22.4 | H9: 0.9000001 | I9: 3 | J9: 78.5 | K9: 0.18 | L9: -
H10: =3.0000001 -> 3.0000001 | I10: 5 | J10: - | K10: - | L10: 640
B11: Tempo disparo MT | C11: t | D11: s | E11: 1 | H11: 5 | J11: - | K11: - | L11: 500
B12: Resistividade do terreno | C12: r | D12: W.m | E12: 200
B13: Resistividade superficial terremo do PT | C13: rs | D13: W.m | E13: 3000
B14: Tensão isolamento BT | C14: Ubt | D14: V | E14: 10000
B17: RESOLUÇÃO
B18: Configuração | D18: - | E18: 70-40/5/42
B19: Configuração | C19: Kr | D19: - | E19: 0.076
B20: Configuração | C20: Kp | D20: - | E20: 0.0165
B21: Configuração | C21: Kc | D21: - | E21: 0.0362
B22: Valores admissíveis | C22: K | D22: - | E22: =VLOOKUP(E11,$H$8:$L$11,3,TRUE) -> 78.5
B23: Valores admissíveis | C23: n | D23: - | E23: =VLOOKUP(E11,$H$8:$L$11,4,TRUE) -> 0.18
B24: Resistência elétrodos de terra | C24: Rt | D24: W | E24: =E19*E12 -> 15.2
B25: Corrente de defeito | C25: Id | D25: A | E25: =E5/(SQRT(3)*SQRT((E8+E24)^2+E9^2)) -> 432.56607
B26: Tensão de defeito | C26: Ud | D26: V | E26: =E24*E25 -> 6575.0042
B27: Tensão de passo | C27: Up | D27: V | E27: =E20*E12*E25 -> 1427.468
B28: Tensão de passo admissível | C28: Upa | D28: V | E28: =IF($E$11<$H$10,10*$E$22/($E$11^$E$23)*(1+6*$E$12/1000),IF($E$11<$H$11,$L$10*(1+6*$E$12/1000),$L$11*(1+6*$E$12/1000))) -> 1727
B29: Tensão de acesso e contacto | C29: Up(acc) | D29: V | E29: =E21*E12*E25 -> 3131.7783
B30: Tensão de acesso e contacto admissível | C30: Upa(acc) | D30: V | E30: =IF($E$11<$H$10,10*$E$22/($E$11^$E$23)*(1+(3*$E$12+3*$E$13)/1000),IF($E$11<$H$11,$L$10*(1+(3*$E$12+3*$E$13)/1000),$L$11*(1+(3*$E$12+3*$E$13)/1000))) -> 8321
B33: CONDIÇÕES
B34: Rt £ 20 W | D34: - | E34: =IF(E24<=20,"OK","!!!!!!") -> OK
B35: Up < Upa | D35: - | E35: =IF(E27<E28,"OK","!!!!!!") -> OK
B36: Up(acc) < Upa(acc) | D36: - | E36: =IF(E29<E30,"OK","!!!!!!") -> OK
B37: Ud < Ubt | D37: - | E37: =IF(E26<E14,"OK","!!!!!!") -> OK

Sheet pt_ex2
A1: Dimensionamento Elétrodos de Terra PT
C3: Exemplo 2
B4: DADOS
B5: Tensão linha | C5: Ul | D5: V | E5: 20000
H6: VALORES ADMISSÍVEIS
B7: Neutro impedante | H7: tmin | I7: tmax | J7: K | K7: n | L7: Vpa
B8: Resistência do neutro | C8: Rn | D8: W | E8: 0 | H8: 0.1 | I8: 0.9 | J8: 72 | K8: 1 | L8: -
B9: Reatância do neutro | C9: Xn | D9: W | E9: =E5/(SQRT(3)*E10) -> 23.094011 | H9: 0.9000001 | I9: 3 | J9: 78.5 | K9: 0.18 | L9: -
B10: Corrente de defeito máxima (subestação) | C10: Id.max | D10: A | E10: 500 | H10: =3.0000001 -> 3.0000001 | I10: 5 | J10: - | K10: - | L10: 640
H11: 5 | J11: - | K11: - | L11: 500
B12: Tempo disparo MT | C12: t | D12: s | E12: 1
B13: Resistividade do terreno | C13: r | D13: W.m | E13: 300
B14: Resistividade superficial terremo do PT | C14: rs | D14: W.m | E14: 3000
B15: Tensão isolamento BT | C15: Ubt | D15: V | E15: 10000
B18: RESOLUÇÃO
B19: Configuração | D19: - | E19: 8/44
B20: Configuração | C20: Kr | D20: - | E20: 0.0558
B21: Configuração | C21: Kp | D21: - | E21: 0.00633
B22: Configuração | C22: Kc | D22: - | E22: -
B23: Valores admissíveis | C23: K | D23: - | E23: =VLOOKUP(E12,$H$8:$L$11,3,TRUE) -> 78.5
B24: Valores admissíveis | C24: n | D24: - | E24: =VLOOKUP(E12,$H$8:$L$11,4,TRUE) -> 0.18
B25: Resistência elétrodos de terra | C25: Rt | D25: W | E25: =E20*E13 -> 16.74
B26: Corrente de defeito | C26: Id | D26: A | E26: =E5/(SQRT(3)*SQRT((E8+E25)^2+E9^2)) -> 404.83153
B27: Tensão de defeito | C27: Ud | D27: V | E27: =E25*E26 -> 6776.8797
B28: Tensão de passo | C28: Up | D28: V | E28: =E21*E13*E26 -> 768.77507
B29: Tensão de passo admissível | C29: Upa | D29: V | E29: =IF($E$12<$H$10,10*$E$23/($E$12^$E$24)*(1+6*$E$13/1000),IF($E$12<$H$11,$L$10*(1+6*$E$13/1000),$L$11*(1+6*$E$13/1000))) -> 2198
B30: Tensão de acesso e contacto | C30: Up(acc) | D30: V | E30: =E27 -> 6776.8797
B31: Tensão de acesso e contacto admissível | C31: Upa(acc) | D31: V | E31: =IF($E$12<$H$10,10*$E$23/($E$12^$E$24)*(1+(3*$E$13+3*$E$14)/1000),IF($E$12<$H$11,$L$10*(1+(3*$E$13+3*$E$14)/1000),$L$11*(1+(3*$E$13+3*$E$14)/1000))) -> 8556.5
B33: CONDIÇÕES
B34: Rt £ 20 W | D34: - | E34: =IF(E25<=20,"OK","!!!!!!") -> OK
B35: Up < Upa | D35: - | E35: =IF(E28<E29,"OK","!!!!!!") -> OK
B36: Up(acc) < Upa(acc) | D36: - | E36: =IF(E30<E31,"OK","!!!!!!") -> OK
B37: Ud < Ubt | D37: - | E37: =IF(E27<E15,"OK","!!!!!!") -> OK

Sheet pt_ex3
A1: Dimensionamento Elétrodos de Terra PT
C3: Exemplo 3
B4: DADOS
B5: Tensão linha | C5: Ul | D5: V | E5: 20000
H6: VALORES ADMISSÍVEIS
B7: Neutro impedante | H7: tmin | I7: tmax | J7: K | K7: n | L7: Vpa
B8: Resistência do neutro | C8: Rn | D8: W | E8: 11.5 | H8: 0.1 | I8: 0.9 | J8: 72 | K8: 1 | L8: -
B9: Reatância do neutro | C9: Xn | D9: W | E9: 20 | H9: 0.9000001 | I9: 3 | J9: 78.5 | K9: 0.18 | L9: -
H10: =3.0000001 -> 3.0000001 | I10: 5 | J10: - | K10: - | L10: 640
B11: Tempo disparo MT | C11: t | D11: s | E11: 0.9 | H11: 5 | J11: - | K11: - | L11: 500
B12: Resistividade do terreno | C12: r | D12: W.m | E12: 400
B13: Resistividade superficial terremo do PT | C13: rs | D13: W.m | E13: 3000
B14: Tensão isolamento BT | C14: Ubt | D14: V | E14: 10000
B17: RESOLUÇÃO
B18: Configuração | D18: - | E18: 40-40/8/86
B19: Configuração | C19: Kr | D19: - | E19: 0.044
B20: Configuração | C20: Kp | D20: - | E20: 0.0062
B21: Configuração | C21: Kc | D21: - | E21: 0.0131
B22: Valores admissíveis | C22: K | D22: - | E22: =VLOOKUP(E11,$H$8:$L$11,3,TRUE) -> 72
B23: Valores admissíveis | C23: n | D23: - | E23: =VLOOKUP(E11,$H$8:$L$11,4,TRUE) -> 1
B24: Resistência elétrodos de terra | C24: Rt | D24: W | E24: =E19*E12 -> 17.6
B25: Corrente de defeito | C25: Id | D25: A | E25: =E5/(SQRT(3)*SQRT((E8+E24)^2+E9^2)) -> 327.01617
B26: Tensão de defeito | C26: Ud | D26: V | E26: =E24*E25 -> 5755.4846
B27: Tensão de passo | C27: Up | D27: V | E27: =E20*E12*E25 -> 811.00011
B28: Tensão de passo admissível | C28: Upa | D28: V | E28: =IF($E$11<$H$10,10*$E$22/($E$11^$E$23)*(1+6*$E$12/1000),IF($E$11<$H$11,$L$10*(1+6*$E$12/1000),$L$11*(1+6*$E$12/1000))) -> 2720
B29: Tensão de acesso e contacto | C29: Up(acc) | D29: V | E29: =E21*E12*E25 -> 1713.5647
B30: Tensão de acesso e contacto admissível | C30: Upa(acc) | D30: V | E30: =IF($E$11<$H$10,10*$E$22/($E$11^$E$23)*(1+(3*$E$12+3*$E$13)/1000),IF($E$11<$H$11,$L$10*(1+(3*$E$12+3*$E$13)/1000),$L$11*(1+(3*$E$12+3*$E$13)/1000))) -> 8960
B32: CONDIÇÕES
B33: Rt £ 20 W | D33: - | E33: =IF(E24<=20,"OK","!!!!!!") -> OK
B34: Up < Upa | D34: - | E34: =IF(E27<E28,"OK","!!!!!!") -> OK
B35: Up(acc) < Upa(acc) | D35: - | E35: =IF(E29<E30,"OK","!!!!!!") -> OK
B36: Ud < Ubt | D36: - | E36: =IF(E26<E14,"OK","!!!!!!") -> OK

Sheet terras
A1: Dimensionamento de elétrodos de terra
C3: 1 - Resistência de terra de proteção das massas do PT - Rp | J3: Exercício 10.10
C4: 2 - Resistência de terra de serviço - Rb
C5: 3 - Resistência de terra de proteção das massas de utilização - Ra | J5: Varetas de cobre | K5: var | L5: 4
C6: 4 - Resistência de terra do para-raios - Rpr | J6: Comprimentos vareta | K6: m | L6: 8
J7: Chapas | K7: cha | L7: 10
D8: Resistividade | E8: Comprimento | F8: Quantidade | G8: Resistência | J8: Altura chapa | K8: m | L8: 0.5
D9: r (Ω.m) | E9: L (m) | F9: un. | G9: W | J9: Largura chapa | K9: m | L9: 1
J10: Perímetro chapa | K10: m | L10: =(L8+L9)*2 -> 3
B11: 1 - Resistência de terra de proteção das massas do PT - Rp | G11: =G12 -> 10.65 | J11: Comprimento condutores | K11: m | L11: 50
C12: Simulação visualpuc - descrição dos tipos de elétrodos | D12: … | E12: … | F12: … | G12: 10.65 | J12: Resistividade do terreno | K12: W.m | L12: 1000
B15: 2 - Resistência de terra de serviço - Rb | G15: =G16 -> 18 | J15: Resistência varetas | K15: W | L15: =L12/(L5*L6) -> 31.25
C16: Simulação visualpuc - descrição dos tipos de elétrodos | D16: … | E16: … | F16: … | G16: 18 | J16: Resistência chapas | K16: W | L16: =0.8*L12/(L7*L10) -> 26.666667
J17: Resistência condutores | K17: W | L17: =2*L12/L11 -> 40
J18: Resistência total | K18: W | L18: =1/(1/L15+1/L16+1/L17) -> 10.582011
B19: 3 - Resistência de terra de proteção das massas de utilização - Ra | G19: =1/(1/G20+1/G21+1/G22+1/G23) -> 2.7272727
C20: Varetas | D20: 150 | E20: 2 | F20: 8 | G20: =D20/E20/F20 -> 9.375
C21: Estruturas de betão armado (anéis) | D21: 500 | E21: 0.8 | F21: 500 | G21: =10*2*D21/E21/F21 -> 25
C22: Estruturas de betão armado (linhas) | D22: 500 | E22: 3 | F22: =4*100 -> 400 | G22: =10*2*D22/E22/F22 -> 8.3333333
C23: Fita de aço galvanizado 30x3,5 (perímetro) | D23: 500 | E23: 100 | F23: 1 | G23: =2*D23/E23/F23 -> 10
B26: 4 - Resistência de terra do para-raios - Rpr | G26: =1/(1/G27+1/G28+1/G29) -> 6.5217391
C27: Pé-de-galo - Condutor em cobre nu 25 mm2 | D27: 150 | E27: 4 | F27: 4 | G27: =2*D27/E27/F27 -> 18.75
C28: Pé-de-galo - Vareta em aço cobreado 250 mm | D28: 150 | E28: 4 | F28: 3 | G28: =D28/E28/F28 -> 12.5
C29: Pé-de-galo - Elétrodo de grafite | D29: 50 | E29: 1 | F29: 1 | G29: =D29/E29/F29 -> 50
C33: Referir na memória descritiva: tipo de elétrodos, acessórios, ligadores especiais, soldaduras aluminotérmicas, quantidades, etc.
C34: Todos os valores: deverão ser revistos
C35: Mencionar que a terra do para-raios deverá ser interligada com a terra de proteção das massas do para-raios , ficando uma resistência de
C36: =G19*G26/(G19+G26) -> 1.9230769

Sheet tubosPcabos
A1: TUBOS
C3: VD | F3: ERM ou ERFE ("gris") | I3: PEAD ou PEBD
B4: Diâmetro nominal (mm) | C4: Diâmetro interior (mm) | D4: Secção interior (mm2) | E4: Secção utilizável (mm2) | F4: Diâmetro interior (mm) | G4: Secção interior (mm2) | H4: Secção utilizável (mm2) | I4: Diâmetro interior (mm) | J4: Secção interior (mm2) | K4: Secção utilizável (mm2)
B5: 16 | C5: 13 | D5: =PI()*C5^2/4 -> 132.73229 | E5: =D5/3 -> 44.244097 | F5: 12 | G5: =PI()*F5^2/4 -> 113.09734 | H5: =G5/3 -> 37.699112
B6: 20 | C6: 17.4 | D6: =PI()*C6^2/4 -> 237.78715 | E6: =D6/3 -> 79.262383 | F6: 16.2 | G6: =PI()*F6^2/4 -> 206.11989 | H6: =G6/3 -> 68.706631
B7: 25 | C7: 21.6 | D7: =PI()*C7^2/4 -> 366.43537 | E7: =D7/3 -> 122.14512 | F7: 20.2 | G7: =PI()*F7^2/4 -> 320.47387 | H7: =G7/3 -> 106.82462
B8: 32 | C8: 28.4 | D8: =PI()*C8^2/4 -> 633.47074 | E8: =D8/3 -> 211.15691 | F8: 25.4 | G8: =PI()*F8^2/4 -> 506.70748 | H8: =G8/3 -> 168.90249
B9: 40 | C9: 35 | D9: =PI()*C9^2/4 -> 962.11275 | E9: =D9/3 -> 320.70425 | F9: 32.5 | G9: =PI()*F9^2/4 -> 829.57681 | H9: =G9/3 -> 276.5256 | I9: 30 | J9: =PI()*I9^2/4 -> 706.85835 | K9: =J9/3 -> 235.61945
B10: 50 | C10: 44 | D10: =PI()*C10^2/4 -> 1520.5308 | E10: =D10/3 -> 506.84361 | I10: 37 | J10: =PI()*I10^2/4 -> 1075.2101 | K10: =J10/3 -> 358.40336
B11: 63 | C11: 56.4 | D11: =PI()*C11^2/4 -> 2498.3201 | E11: =D11/3 -> 832.77338 | I11: 47 | J11: =PI()*I11^2/4 -> 1734.9445 | K11: =J11/3 -> 578.31485
B12: 75 | C12: 68 | D12: =PI()*C12^2/4 -> 3631.6811 | E12: =D12/3 -> 1210.5604 | I12: 56 | J12: =PI()*I12^2/4 -> 2463.0086 | K12: =J12/3 -> 821.00288
B13: 90 | C13: 83 | D13: =PI()*C13^2/4 -> 5410.6079 | E13: =D13/3 -> 1803.536 | I13: 67 | J13: =PI()*I13^2/4 -> 3525.6524 | K13: =J13/3 -> 1175.2175
B14: 110 | C14: 104 | D14: =PI()*C14^2/4 -> 8494.8665 | E14: =D14/3 -> 2831.6222 | I14: 82 | J14: =PI()*I14^2/4 -> 5281.0173 | K14: =J14/3 -> 1760.3391
B15: 125 | I15: 94 | J15: =PI()*I15^2/4 -> 6939.7782 | K15: =J15/3 -> 2313.2594
B16: 160 | I16: 120 | J16: =PI()*I16^2/4 -> 11309.734 | K16: =J16/3 -> 3769.9112
B17: 200 | I17: 150 | J17: =PI()*I17^2/4 -> 17671.459 | K17: =J17/3 -> 5890.4862
B19: Nota 1: A secção utilizável equivale a 1/3 da seção interior real.
B20: Nota 2: Tubos ERM ou ERFE estão limitados a 40 mm.
B22: Exemplos | C22: Diâmetro exterior (mm) | D22: Secção exterior (mm2) | E22: Diâmetro nominal tubo VD (mm) | F22: Diâmetro nominal tubo ERM ou ERFE (mm) | G22: Diâmetro nominal tubo PEAD ou PEBD (mm)
B23: Secção dos condutores
B24: XZ1 (frt,zh) 3G1,5 | C24: 10 | D24: =PI()*C24^2/4 -> 78.539816 | E24: =IF($D24<$E$5,$B$5,IF($D24<$E$6,$B$6,IF($D24<$E$7,$B$7,IF($D24<$E$8,$B$8,IF($D24<$E$9,$B$9,IF($D24<$E$10,$B$10,IF($D24<$E$11,$B$11,IF($D24<$E$12,$B$12,IF($D24<$E$13,$B$13,IF($D24<$E$14,$B$14,"---")))))))))) -> 20 | F24: =IF(D24<$H$5,$B$5,IF(D24<$H$6,$B$6,IF(D24<$H$7,$B$7,IF(D24<$H$8,$B$8,IF(D24<$H$9,$B$9,"---"))))) -> 25 | G24: =IF($D24<$K$5,$B$5,IF($D24<$K$6,$B$6,IF($D24<$K$7,$B$7,IF($D24<$K$8,$B$8,IF($D24<$K$9,$B$9,IF($D24<$K$10,$B$10,IF($D24<$K$11,$B$11,IF($D24<$K$12,$B$12,IF($D24<$K$13,$B$13,IF($D24<$K$14,$B$14,IF($D24<$K$15,$B$15,IF($D24<$K$16,$B$16,IF($D24<$K$17,$B$17,"---"))))))))))))) -> 40
B25: XZ1 (frt,zh) 3G2,5 | C25: 10.5 | D25: =PI()*C25^2/4 -> 86.590148 | E25: =IF(D25<$E$5,$B$5,IF(D25<$E$6,$B$6,IF(D25<$E$7,$B$7,IF(D25<$E$8,$B$8,IF(D25<$E$9,$B$9,IF(D25<$E$10,$B$10,IF(D25<$E$11,$B$11,IF(D25<$E$12,$B$12,IF(D25<$E$13,$B$13,IF(D25<$E$14,$B$14,"---")))))))))) -> 25 | F25: =IF(D25<$H$5,$B$5,IF(D25<$H$6,$B$6,IF(D25<$H$7,$B$7,IF(D25<$H$8,$B$8,IF(D25<$H$9,$B$9,"---"))))) -> 25 | G25: =IF($D25<$K$5,$B$5,IF($D25<$K$6,$B$6,IF($D25<$K$7,$B$7,IF($D25<$K$8,$B$8,IF($D25<$K$9,$B$9,IF($D25<$K$10,$B$10,IF($D25<$K$11,$B$11,IF($D25<$K$12,$B$12,IF($D25<$K$13,$B$13,IF($D25<$K$14,$B$14,IF($D25<$K$15,$B$15,IF($D25<$K$16,$B$16,IF($D25<$K$17,$B$17,"---"))))))))))))) -> 40
B26: XZ1 (frt,zh) 3G4 | C26: 11.5 | D26: =PI()*C26^2/4 -> 103.86891 | E26: =IF(D26<$E$5,$B$5,IF(D26<$E$6,$B$6,IF(D26<$E$7,$B$7,IF(D26<$E$8,$B$8,IF(D26<$E$9,$B$9,IF(D26<$E$10,$B$10,IF(D26<$E$11,$B$11,IF(D26<$E$12,$B$12,IF(D26<$E$13,$B$13,IF(D26<$E$14,$B$14,"---")))))))))) -> 25 | F26: =IF(D26<$H$5,$B$5,IF(D26<$H$6,$B$6,IF(D26<$H$7,$B$7,IF(D26<$H$8,$B$8,IF(D26<$H$9,$B$9,"---"))))) -> 25 | G26: =IF($D26<$K$5,$B$5,IF($D26<$K$6,$B$6,IF($D26<$K$7,$B$7,IF($D26<$K$8,$B$8,IF($D26<$K$9,$B$9,IF($D26<$K$10,$B$10,IF($D26<$K$11,$B$11,IF($D26<$K$12,$B$12,IF($D26<$K$13,$B$13,IF($D26<$K$14,$B$14,IF($D26<$K$15,$B$15,IF($D26<$K$16,$B$16,IF($D26<$K$17,$B$17,"---"))))))))))))) -> 40
B27: XZ1 (frt,zh) 5G1,5 | C27: 11.5 | D27: =PI()*C27^2/4 -> 103.86891 | E27: =IF(D27<$E$5,$B$5,IF(D27<$E$6,$B$6,IF(D27<$E$7,$B$7,IF(D27<$E$8,$B$8,IF(D27<$E$9,$B$9,IF(D27<$E$10,$B$10,IF(D27<$E$11,$B$11,IF(D27<$E$12,$B$12,IF(D27<$E$13,$B$13,IF(D27<$E$14,$B$14,"---")))))))))) -> 25 | F27: =IF(D27<$H$5,$B$5,IF(D27<$H$6,$B$6,IF(D27<$H$7,$B$7,IF(D27<$H$8,$B$8,IF(D27<$H$9,$B$9,"---"))))) -> 25 | G27: =IF($D27<$K$5,$B$5,IF($D27<$K$6,$B$6,IF($D27<$K$7,$B$7,IF($D27<$K$8,$B$8,IF($D27<$K$9,$B$9,IF($D27<$K$10,$B$10,IF($D27<$K$11,$B$11,IF($D27<$K$12,$B$12,IF($D27<$K$13,$B$13,IF($D27<$K$14,$B$14,IF($D27<$K$15,$B$15,IF($D27<$K$16,$B$16,IF($D27<$K$17,$B$17,"---"))))))))))))) -> 40
B28: XZ1 (frt,zh) 5G2,5 | C28: 12.5 | D28: =PI()*C28^2/4 -> 122.71846 | E28: =IF(D28<$E$5,$B$5,IF(D28<$E$6,$B$6,IF(D28<$E$7,$B$7,IF(D28<$E$8,$B$8,IF(D28<$E$9,$B$9,IF(D28<$E$10,$B$10,IF(D28<$E$11,$B$11,IF(D28<$E$12,$B$12,IF(D28<$E$13,$B$13,IF(D28<$E$14,$B$14,"---")))))))))) -> 32 | F28: =IF(D28<$H$5,$B$5,IF(D28<$H$6,$B$6,IF(D28<$H$7,$B$7,IF(D28<$H$8,$B$8,IF(D28<$H$9,$B$9,"---"))))) -> 32 | G28: =IF($D28<$K$5,$B$5,IF($D28<$K$6,$B$6,IF($D28<$K$7,$B$7,IF($D28<$K$8,$B$8,IF($D28<$K$9,$B$9,IF($D28<$K$10,$B$10,IF($D28<$K$11,$B$11,IF($D28<$K$12,$B$12,IF($D28<$K$13,$B$13,IF($D28<$K$14,$B$14,IF($D28<$K$15,$B$15,IF($D28<$K$16,$B$16,IF($D28<$K$17,$B$17,"---"))))))))))))) -> 40
B29: XZ1 (frt,zh) 5G4 | C29: 13.5 | D29: =PI()*C29^2/4 -> 143.13882 | E29: =IF(D29<$E$5,$B$5,IF(D29<$E$6,$B$6,IF(D29<$E$7,$B$7,IF(D29<$E$8,$B$8,IF(D29<$E$9,$B$9,IF(D29<$E$10,$B$10,IF(D29<$E$11,$B$11,IF(D29<$E$12,$B$12,IF(D29<$E$13,$B$13,IF(D29<$E$14,$B$14,"---")))))))))) -> 32 | F29: =IF(D29<$H$5,$B$5,IF(D29<$H$6,$B$6,IF(D29<$H$7,$B$7,IF(D29<$H$8,$B$8,IF(D29<$H$9,$B$9,"---"))))) -> 32 | G29: =IF($D29<$K$5,$B$5,IF($D29<$K$6,$B$6,IF($D29<$K$7,$B$7,IF($D29<$K$8,$B$8,IF($D29<$K$9,$B$9,IF($D29<$K$10,$B$10,IF($D29<$K$11,$B$11,IF($D29<$K$12,$B$12,IF($D29<$K$13,$B$13,IF($D29<$K$14,$B$14,IF($D29<$K$15,$B$15,IF($D29<$K$16,$B$16,IF($D29<$K$17,$B$17,"---"))))))))))))) -> 40
B30: XZ1 (frt,zh) 5G6 | C30: 15 | D30: =PI()*C30^2/4 -> 176.71459 | E30: =IF(D30<$E$5,$B$5,IF(D30<$E$6,$B$6,IF(D30<$E$7,$B$7,IF(D30<$E$8,$B$8,IF(D30<$E$9,$B$9,IF(D30<$E$10,$B$10,IF(D30<$E$11,$B$11,IF(D30<$E$12,$B$12,IF(D30<$E$13,$B$13,IF(D30<$E$14,$B$14,"---")))))))))) -> 32 | F30: =IF(D30<$H$5,$B$5,IF(D30<$H$6,$B$6,IF(D30<$H$7,$B$7,IF(D30<$H$8,$B$8,IF(D30<$H$9,$B$9,"---"))))) -> 40 | G30: =IF($D30<$K$5,$B$5,IF($D30<$K$6,$B$6,IF($D30<$K$7,$B$7,IF($D30<$K$8,$B$8,IF($D30<$K$9,$B$9,IF($D30<$K$10,$B$10,IF($D30<$K$11,$B$11,IF($D30<$K$12,$B$12,IF($D30<$K$13,$B$13,IF($D30<$K$14,$B$14,IF($D30<$K$15,$B$15,IF($D30<$K$16,$B$16,IF($D30<$K$17,$B$17,"---"))))))))))))) -> 40
B31: XZ1 (frt,zh) 5G10 | C31: 18 | D31: =PI()*C31^2/4 -> 254.469 | E31: =IF(D31<$E$5,$B$5,IF(D31<$E$6,$B$6,IF(D31<$E$7,$B$7,IF(D31<$E$8,$B$8,IF(D31<$E$9,$B$9,IF(D31<$E$10,$B$10,IF(D31<$E$11,$B$11,IF(D31<$E$12,$B$12,IF(D31<$E$13,$B$13,IF(D31<$E$14,$B$14,"---")))))))))) -> 40 | F31: =IF(D31<$H$5,$B$5,IF(D31<$H$6,$B$6,IF(D31<$H$7,$B$7,IF(D31<$H$8,$B$8,IF(D31<$H$9,$B$9,"---"))))) -> 40 | G31: =IF($D31<$K$5,$B$5,IF($D31<$K$6,$B$6,IF($D31<$K$7,$B$7,IF($D31<$K$8,$B$8,IF($D31<$K$9,$B$9,IF($D31<$K$10,$B$10,IF($D31<$K$11,$B$11,IF($D31<$K$12,$B$12,IF($D31<$K$13,$B$13,IF($D31<$K$14,$B$14,IF($D31<$K$15,$B$15,IF($D31<$K$16,$B$16,IF($D31<$K$17,$B$17,"---"))))))))))))) -> 50
B32: XZ1 (frt,zh) 3 x 16 + 2G10 | C32: 20 | D32: =PI()*C32^2/4 -> 314.15927 | E32: =IF(D32<$E$5,$B$5,IF(D32<$E$6,$B$6,IF(D32<$E$7,$B$7,IF(D32<$E$8,$B$8,IF(D32<$E$9,$B$9,IF(D32<$E$10,$B$10,IF(D32<$E$11,$B$11,IF(D32<$E$12,$B$12,IF(D32<$E$13,$B$13,IF(D32<$E$14,$B$14,"---")))))))))) -> 40 | F32: =IF(D32<$H$5,$B$5,IF(D32<$H$6,$B$6,IF(D32<$H$7,$B$7,IF(D32<$H$8,$B$8,IF(D32<$H$9,$B$9,"---"))))) -> --- | G32: =IF($D32<$K$5,$B$5,IF($D32<$K$6,$B$6,IF($D32<$K$7,$B$7,IF($D32<$K$8,$B$8,IF($D32<$K$9,$B$9,IF($D32<$K$10,$B$10,IF($D32<$K$11,$B$11,IF($D32<$K$12,$B$12,IF($D32<$K$13,$B$13,IF($D32<$K$14,$B$14,IF($D32<$K$15,$B$15,IF($D32<$K$16,$B$16,IF($D32<$K$17,$B$17,"---"))))))))))))) -> 50
B33: XZ1 (frt,zh) 3 x 25 + 2G16 | C33: 23.5 | D33: =PI()*C33^2/4 -> 433.73614 | E33: =IF(D33<$E$5,$B$5,IF(D33<$E$6,$B$6,IF(D33<$E$7,$B$7,IF(D33<$E$8,$B$8,IF(D33<$E$9,$B$9,IF(D33<$E$10,$B$10,IF(D33<$E$11,$B$11,IF(D33<$E$12,$B$12,IF(D33<$E$13,$B$13,IF(D33<$E$14,$B$14,"---")))))))))) -> 50 | F33: =IF(D33<$H$5,$B$5,IF(D33<$H$6,$B$6,IF(D33<$H$7,$B$7,IF(D33<$H$8,$B$8,IF(D33<$H$9,$B$9,"---"))))) -> --- | G33: =IF($D33<$K$5,$B$5,IF($D33<$K$6,$B$6,IF($D33<$K$7,$B$7,IF($D33<$K$8,$B$8,IF($D33<$K$9,$B$9,IF($D33<$K$10,$B$10,IF($D33<$K$11,$B$11,IF($D33<$K$12,$B$12,IF($D33<$K$13,$B$13,IF($D33<$K$14,$B$14,IF($D33<$K$15,$B$15,IF($D33<$K$16,$B$16,IF($D33<$K$17,$B$17,"---"))))))))))))) -> 63
B34: XZ1 (frt,zh) 3 x 35 + 2G16 | C34: 26 | D34: =PI()*C34^2/4 -> 530.92916 | E34: =IF(D34<$E$5,$B$5,IF(D34<$E$6,$B$6,IF(D34<$E$7,$B$7,IF(D34<$E$8,$B$8,IF(D34<$E$9,$B$9,IF(D34<$E$10,$B$10,IF(D34<$E$11,$B$11,IF(D34<$E$12,$B$12,IF(D34<$E$13,$B$13,IF(D34<$E$14,$B$14,"---")))))))))) -> 63 | F34: =IF(D34<$H$5,$B$5,IF(D34<$H$6,$B$6,IF(D34<$H$7,$B$7,IF(D34<$H$8,$B$8,IF(D34<$H$9,$B$9,"---"))))) -> --- | G34: =IF($D34<$K$5,$B$5,IF($D34<$K$6,$B$6,IF($D34<$K$7,$B$7,IF($D34<$K$8,$B$8,IF($D34<$K$9,$B$9,IF($D34<$K$10,$B$10,IF($D34<$K$11,$B$11,IF($D34<$K$12,$B$12,IF($D34<$K$13,$B$13,IF($D34<$K$14,$B$14,IF($D34<$K$15,$B$15,IF($D34<$K$16,$B$16,IF($D34<$K$17,$B$17,"---"))))))))))))) -> 63
B35: XZ1 (frt,zh) 3 x 50 + 2G25 | C35: 29.5 | D35: =PI()*C35^2/4 -> 683.49275 | E35: =IF(D35<$E$5,$B$5,IF(D35<$E$6,$B$6,IF(D35<$E$7,$B$7,IF(D35<$E$8,$B$8,IF(D35<$E$9,$B$9,IF(D35<$E$10,$B$10,IF(D35<$E$11,$B$11,IF(D35<$E$12,$B$12,IF(D35<$E$13,$B$13,IF(D35<$E$14,$B$14,"---")))))))))) -> 63 | F35: =IF(D35<$H$5,$B$5,IF(D35<$H$6,$B$6,IF(D35<$H$7,$B$7,IF(D35<$H$8,$B$8,IF(D35<$H$9,$B$9,"---"))))) -> --- | G35: =IF($D35<$K$5,$B$5,IF($D35<$K$6,$B$6,IF($D35<$K$7,$B$7,IF($D35<$K$8,$B$8,IF($D35<$K$9,$B$9,IF($D35<$K$10,$B$10,IF($D35<$K$11,$B$11,IF($D35<$K$12,$B$12,IF($D35<$K$13,$B$13,IF($D35<$K$14,$B$14,IF($D35<$K$15,$B$15,IF($D35<$K$16,$B$16,IF($D35<$K$17,$B$17,"---"))))))))))))) -> 75
B36: XZ1 (frt,zh) 1X70 | C36: 15.5 | D36: =PI()*C36^2/4 -> 188.69191 | E36: =IF(D36<$E$5,$B$5,IF(D36<$E$6,$B$6,IF(D36<$E$7,$B$7,IF(D36<$E$8,$B$8,IF(D36<$E$9,$B$9,IF(D36<$E$10,$B$10,IF(D36<$E$11,$B$11,IF(D36<$E$12,$B$12,IF(D36<$E$13,$B$13,IF(D36<$E$14,$B$14,"---")))))))))) -> 32 | F36: =IF(D36<$H$5,$B$5,IF(D36<$H$6,$B$6,IF(D36<$H$7,$B$7,IF(D36<$H$8,$B$8,IF(D36<$H$9,$B$9,"---"))))) -> 40 | G36: =IF($D36<$K$5,$B$5,IF($D36<$K$6,$B$6,IF($D36<$K$7,$B$7,IF($D36<$K$8,$B$8,IF($D36<$K$9,$B$9,IF($D36<$K$10,$B$10,IF($D36<$K$11,$B$11,IF($D36<$K$12,$B$12,IF($D36<$K$13,$B$13,IF($D36<$K$14,$B$14,IF($D36<$K$15,$B$15,IF($D36<$K$16,$B$16,IF($D36<$K$17,$B$17,"---"))))))))))))) -> 40
... B39: XZ1 (frt,zh) 1X150 | C39: 21 | D39: =PI()*C39^2/4 -> 346.36059 | E39: =IF(D39<$E$5,$B$5,IF(D39<$E$6,$B$6,IF(D39<$E$7,$B$7,IF(D39<$E$8,$B$8,IF(D39<$E$9,$B$9,IF(D39<$E$10,$B$10,IF(D39<$E$11,$B$11,IF(D39<$E$12,$B$12,IF(D39<$E$13,$B$13,IF(D39<$E$14,$B$14,"---")))))))))) -> 50 | F39: =IF(D39<$H$5,$B$5,IF(D39<$H$6,$B$6,IF(D39<$H$7,$B$7,IF(D39<$H$8,$B$8,IF(D39<$H$9,$B$9,"---"))))) -> --- | G39: =IF($D39<$K$5,$B$5,IF($D39<$K$6,$B$6,IF($D39<$K$7,$B$7,IF($D39<$K$8,$B$8,IF($D39<$K$9,$B$9,IF($D39<$K$10,$B$10,IF($D39<$K$11,$B$11,IF($D39<$K$12,$B$12,IF($D39<$K$13,$B$13,IF($D39<$K$14,$B$14,IF($D39<$K$15,$B$15,IF($D39<$K$16,$B$16,IF($D39<$K$17,$B$17,"---"))))))))))))) -> 50
B40: XZ1 (frt,zh) 1X185 | C40: =23.5 -> 23.5 | D40: =PI()*C40^2/4 -> 433.73614 | E40: =IF(D40<$E$5,$B$5,IF(D40<$E$6,$B$6,IF(D40<$E$7,$B$7,IF(D40<$E$8,$B$8,IF(D40<$E$9,$B$9,IF(D40<$E$10,$B$10,IF(D40<$E$11,$B$11,IF(D40<$E$12,$B$12,IF(D40<$E$13,$B$13,IF(D40<$E$14,$B$14,"---")))))))))) -> 50 | F40: =IF(D40<$H$5,$B$5,IF(D40<$H$6,$B$6,IF(D40<$H$7,$B$7,IF(D40<$H$8,$B$8,IF(D40<$H$9,$B$9,"---"))))) -> --- | G40: =IF($D40<$K$5,$B$5,IF($D40<$K$6,$B$6,IF($D40<$K$7,$B$7,IF($D40<$K$8,$B$8,IF($D40<$K$9,$B$9,IF($D40<$K$10,$B$10,IF($D40<$K$11,$B$11,IF($D40<$K$12,$B$12,IF($D40<$K$13,$B$13,IF($D40<$K$14,$B$14,IF($D40<$K$15,$B$15,IF($D40<$K$16,$B$16,IF($D40<$K$17,$B$17,"---"))))))))))))) -> 63
B41: XAZ1 (frt,zh) 3X70+2G35 | C41: 38.5 | D41: =PI()*C41^2/4 -> 1164.1564 | E41: =IF(D41<$E$5,$B$5,IF(D41<$E$6,$B$6,IF(D41<$E$7,$B$7,IF(D41<$E$8,$B$8,IF(D41<$E$9,$B$9,IF(D41<$E$10,$B$10,IF(D41<$E$11,$B$11,IF(D41<$E$12,$B$12,IF(D41<$E$13,$B$13,IF(D41<$E$14,$B$14,"---")))))))))) -> 75 | F41: =IF(D41<$H$5,$B$5,IF(D41<$H$6,$B$6,IF(D41<$H$7,$B$7,IF(D41<$H$8,$B$8,IF(D41<$H$9,$B$9,"---"))))) -> --- | G41: =IF($D41<$K$5,$B$5,IF($D41<$K$6,$B$6,IF($D41<$K$7,$B$7,IF($D41<$K$8,$B$8,IF($D41<$K$9,$B$9,IF($D41<$K$10,$B$10,IF($D41<$K$11,$B$11,IF($D41<$K$12,$B$12,IF($D41<$K$13,$B$13,IF($D41<$K$14,$B$14,IF($D41<$K$15,$B$15,IF($D41<$K$16,$B$16,IF($D41<$K$17,$B$17,"---"))))))))))))) -> 90
B42: XAZ1 (frt,zh) 3X65+2G50 | C42: 42.5 | D42: =PI()*C42^2/4 -> 1418.6254 | E42: =IF(D42<$E$5,$B$5,IF(D42<$E$6,$B$6,IF(D42<$E$7,$B$7,IF(D42<$E$8,$B$8,IF(D42<$E$9,$B$9,IF(D42<$E$10,$B$10,IF(D42<$E$11,$B$11,IF(D42<$E$12,$B$12,IF(D42<$E$13,$B$13,IF(D42<$E$14,$B$14,"---")))))))))) -> 90 | F42: =IF(D42<$H$5,$B$5,IF(D42<$H$6,$B$6,IF(D42<$H$7,$B$7,IF(D42<$H$8,$B$8,IF(D42<$H$9,$B$9,"---"))))) -> --- | G42: =IF($D42<$K$5,$B$5,IF($D42<$K$6,$B$6,IF($D42<$K$7,$B$7,IF($D42<$K$8,$B$8,IF($D42<$K$9,$B$9,IF($D42<$K$10,$B$10,IF($D42<$K$11,$B$11,IF($D42<$K$12,$B$12,IF($D42<$K$13,$B$13,IF($D42<$K$14,$B$14,IF($D42<$K$15,$B$15,IF($D42<$K$16,$B$16,IF($D42<$K$17,$B$17,"---"))))))))))))) -> 110
B43: XAZ1 (frt,zh) 3X120+2G70 | C43: 49 | D43: =PI()*C43^2/4 -> 1885.741 | E43: =IF(D43<$E$5,$B$5,IF(D43<$E$6,$B$6,IF(D43<$E$7,$B$7,IF(D43<$E$8,$B$8,IF(D43<$E$9,$B$9,IF(D43<$E$10,$B$10,IF(D43<$E$11,$B$11,IF(D43<$E$12,$B$12,IF(D43<$E$13,$B$13,IF(D43<$E$14,$B$14,"---")))))))))) -> 110 | F43: =IF(D43<$H$5,$B$5,IF(D43<$H$6,$B$6,IF(D43<$H$7,$B$7,IF(D43<$H$8,$B$8,IF(D43<$H$9,$B$9,"---"))))) -> --- | G43: =IF($D43<$K$5,$B$5,IF($D43<$K$6,$B$6,IF($D43<$K$7,$B$7,IF($D43<$K$8,$B$8,IF($D43<$K$9,$B$9,IF($D43<$K$10,$B$10,IF($D43<$K$11,$B$11,IF($D43<$K$12,$B$12,IF($D43<$K$13,$B$13,IF($D43<$K$14,$B$14,IF($D43<$K$15,$B$15,IF($D43<$K$16,$B$16,IF($D43<$K$17,$B$17,"---"))))))))))))) -> 125
B44: XAZ1 (frt,zh) 3X185+2G95 | C44: 57.5 | D44: =PI()*C44^2/4 -> 2596.7227 | E44: =IF(D44<$E$5,$B$5,IF(D44<$E$6,$B$6,IF(D44<$E$7,$B$7,IF(D44<$E$8,$B$8,IF(D44<$E$9,$B$9,IF(D44<$E$10,$B$10,IF(D44<$E$11,$B$11,IF(D44<$E$12,$B$12,IF(D44<$E$13,$B$13,IF(D44<$E$14,$B$14,"---")))))))))) -> 110 | F44: =IF(D44<$H$5,$B$5,IF(D44<$H$6,$B$6,IF(D44<$H$7,$B$7,IF(D44<$H$8,$B$8,IF(D44<$H$9,$B$9,"---"))))) -> --- | G44: =IF($D44<$K$5,$B$5,IF($D44<$K$6,$B$6,IF($D44<$K$7,$B$7,IF($D44<$K$8,$B$8,IF($D44<$K$9,$B$9,IF($D44<$K$10,$B$10,IF($D44<$K$11,$B$11,IF($D44<$K$12,$B$12,IF($D44<$K$13,$B$13,IF($D44<$K$14,$B$14,IF($D44<$K$15,$B$15,IF($D44<$K$16,$B$16,IF($D44<$K$17,$B$17,"---"))))))))))))) -> 160
B45: 3 x H07V-R 1x1,5 | C45: 3.5 | D45: =PI()*C45^2/4*3 -> 28.863383 | E45: =IF(D45<$E$5,$B$5,IF(D45<$E$6,$B$6,IF(D45<$E$7,$B$7,IF(D45<$E$8,$B$8,IF(D45<$E$9,$B$9,IF(D45<$E$10,$B$10,IF(D45<$E$11,$B$11,IF(D45<$E$12,$B$12,IF(D45<$E$13,$B$13,IF(D45<$E$14,$B$14,"---")))))))))) -> 16 | F45: =IF(D45<$H$5,$B$5,IF(D45<$H$6,$B$6,IF(D45<$H$7,$B$7,IF(D45<$H$8,$B$8,IF(D45<$H$9,$B$9,"---"))))) -> 16 | G45: =IF($D45<$K$5,$B$5,IF($D45<$K$6,$B$6,IF($D45<$K$7,$B$7,IF($D45<$K$8,$B$8,IF($D45<$K$9,$B$9,IF($D45<$K$10,$B$10,IF($D45<$K$11,$B$11,IF($D45<$K$12,$B$12,IF($D45<$K$13,$B$13,IF($D45<$K$14,$B$14,IF($D45<$K$15,$B$15,IF($D45<$K$16,$B$16,IF($D45<$K$17,$B$17,"---"))))))))))))) -> 40
B46: 5 x H07V-R 1x1,5 | C46: 3.5 | D46: =PI()*C46^2/4*5 -> 48.105638 | E46: =IF(D46<$E$5,$B$5,IF(D46<$E$6,$B$6,IF(D46<$E$7,$B$7,IF(D46<$E$8,$B$8,IF(D46<$E$9,$B$9,IF(D46<$E$10,$B$10,IF(D46<$E$11,$B$11,IF(D46<$E$12,$B$12,IF(D46<$E$13,$B$13,IF(D46<$E$14,$B$14,"---")))))))))) -> 20 | F46: =IF(D46<$H$5,$B$5,IF(D46<$H$6,$B$6,IF(D46<$H$7,$B$7,IF(D46<$H$8,$B$8,IF(D46<$H$9,$B$9,"---"))))) -> 20 | G46: =IF($D46<$K$5,$B$5,IF($D46<$K$6,$B$6,IF($D46<$K$7,$B$7,IF($D46<$K$8,$B$8,IF($D46<$K$9,$B$9,IF($D46<$K$10,$B$10,IF($D46<$K$11,$B$11,IF($D46<$K$12,$B$12,IF($D46<$K$13,$B$13,IF($D46<$K$14,$B$14,IF($D46<$K$15,$B$15,IF($D46<$K$16,$B$16,IF($D46<$K$17,$B$17,"---"))))))))))))) -> 40
B47: 3 x H07V-R 1x2,5 | C47: 4 | D47: =PI()*C47^2/4*3 -> 37.699112 | E47: =IF(D47<$E$5,$B$5,IF(D47<$E$6,$B$6,IF(D47<$E$7,$B$7,IF(D47<$E$8,$B$8,IF(D47<$E$9,$B$9,IF(D47<$E$10,$B$10,IF(D47<$E$11,$B$11,IF(D47<$E$12,$B$12,IF(D47<$E$13,$B$13,IF(D47<$E$14,$B$14,"---")))))))))) -> 16 | F47: =IF(D47<$H$5,$B$5,IF(D47<$H$6,$B$6,IF(D47<$H$7,$B$7,IF(D47<$H$8,$B$8,IF(D47<$H$9,$B$9,"---"))))) -> 20 | G47: =IF($D47<$K$5,$B$5,IF($D47<$K$6,$B$6,IF($D47<$K$7,$B$7,IF($D47<$K$8,$B$8,IF($D47<$K$9,$B$9,IF($D47<$K$10,$B$10,IF($D47<$K$11,$B$11,IF($D47<$K$12,$B$12,IF($D47<$K$13,$B$13,IF($D47<$K$14,$B$14,IF($D47<$K$15,$B$15,IF($D47<$K$16,$B$16,IF($D47<$K$17,$B$17,"---"))))))))))))) -> 40
B48: 5 x H07V-R 1x2,5 | C48: 4 | D48: =PI()*C48^2/4*5 -> 62.831853 | E48: =IF(D48<$E$5,$B$5,IF(D48<$E$6,$B$6,IF(D48<$E$7,$B$7,IF(D48<$E$8,$B$8,IF(D48<$E$9,$B$9,IF(D48<$E$10,$B$10,IF(D48<$E$11,$B$11,IF(D48<$E$12,$B$12,IF(D48<$E$13,$B$13,IF(D48<$E$14,$B$14,"---")))))))))) -> 20 | F48: =IF(D48<$H$5,$B$5,IF(D48<$H$6,$B$6,IF(D48<$H$7,$B$7,IF(D48<$H$8,$B$8,IF(D48<$H$9,$B$9,"---"))))) -> 20 | G48: =IF($D48<$K$5,$B$5,IF($D48<$K$6,$B$6,IF($D48<$K$7,$B$7,IF($D48<$K$8,$B$8,IF($D48<$K$9,$B$9,IF($D48<$K$10,$B$10,IF($D48<$K$11,$B$11,IF($D48<$K$12,$B$12,IF($D48<$K$13,$B$13,IF($D48<$K$14,$B$14,IF($D48<$K$15,$B$15,IF($D48<$K$16,$B$16,IF($D48<$K$17,$B$17,"---"))))))))))))) -> 40
B49: 3 x H07V-R 1x4 | C49: 4.5 | D49: =PI()*C49^2/4*3 -> 47.712938 | E49: =IF(D49<$E$5,$B$5,IF(D49<$E$6,$B$6,IF(D49<$E$7,$B$7,IF(D49<$E$8,$B$8,IF(D49<$E$9,$B$9,IF(D49<$E$10,$B$10,IF(D49<$E$11,$B$11,IF(D49<$E$12,$B$12,IF(D49<$E$13,$B$13,IF(D49<$E$14,$B$14,"---")))))))))) -> 20 | F49: =IF(D49<$H$5,$B$5,IF(D49<$H$6,$B$6,IF(D49<$H$7,$B$7,IF(D49<$H$8,$B$8,IF(D49<$H$9,$B$9,"---"))))) -> 20 | G49: =IF($D49<$K$5,$B$5,IF($D49<$K$6,$B$6,IF($D49<$K$7,$B$7,IF($D49<$K$8,$B$8,IF($D49<$K$9,$B$9,IF($D49<$K$10,$B$10,IF($D49<$K$11,$B$11,IF($D49<$K$12,$B$12,IF($D49<$K$13,$B$13,IF($D49<$K$14,$B$14,IF($D49<$K$15,$B$15,IF($D49<$K$16,$B$16,IF($D49<$K$17,$B$17,"---"))))))))))))) -> 40
B50: 5 x H07V-R 1x4 | C50: 4.5 | D50: =PI()*C50^2/4*5 -> 79.521564 | E50: =IF(D50<$E$5,$B$5,IF(D50<$E$6,$B$6,IF(D50<$E$7,$B$7,IF(D50<$E$8,$B$8,IF(D50<$E$9,$B$9,IF(D50<$E$10,$B$10,IF(D50<$E$11,$B$11,IF(D50<$E$12,$B$12,IF(D50<$E$13,$B$13,IF(D50<$E$14,$B$14,"---")))))))))) -> 25 | F50: =IF(D50<$H$5,$B$5,IF(D50<$H$6,$B$6,IF(D50<$H$7,$B$7,IF(D50<$H$8,$B$8,IF(D50<$H$9,$B$9,"---"))))) -> 25 | G50: =IF($D50<$K$5,$B$5,IF($D50<$K$6,$B$6,IF($D50<$K$7,$B$7,IF($D50<$K$8,$B$8,IF($D50<$K$9,$B$9,IF($D50<$K$10,$B$10,IF($D50<$K$11,$B$11,IF($D50<$K$12,$B$12,IF($D50<$K$13,$B$13,IF($D50<$K$14,$B$14,IF($D50<$K$15,$B$15,IF($D50<$K$16,$B$16,IF($D50<$K$17,$B$17,"---"))))))))))))) -> 40

Sheet luminotecnia
B5: Comprimento da sala | C5: C | D5: m | E5: 12
B6: Largura da sala | C6: L | D6: m | E6: 8
B7: Altura | C7: H | D7: m | E7: 4
B8: Nível de iluminação | C8: E | D8: lx | E8: 500
B9: Fluxo por luminária | C9: Fa | D9: lm | E9: 7336
B10: Fator de manutenção | C10: Km | D10: - | E10: 0.82
B11: Fator de depreciação | C11: Kd | D11: - | E11: 0.85 | H11: y = mx+b | I11: 1 | J11: 2 | K11: 3
B12: Fator de utilização | C12: Ku | D12: - | E12: =K13 -> 0.478 | H12: x | I12: 1 | J12: 1.25 | K12: 1.2
B13: Fator de área | C13: Ka | D13: - | E13: =E5*E6/(E5+E6)/E7 -> 1.2 | H13: y | I13: 0.43 | J13: 0.49 | K13: =$I$14*K12+I15 -> 0.478
B14: IR - teto | C14: Irt | D14: - | E14: 0.7 | H14: m | I14: =(J13-I13)/(J12-I12) -> 0.24
B15: IR - paredes | C15: Irp | D15: - | E15: 0.5 | H15: b | I15: =I13-I14*I12 -> 0.19
B16: IR - plano de trabalho | C16: Irpt | D16: - | E16: 0.2
B17: Número de luminárias | C17: N | D17: lum | E17: =ROUNDUP(E5*E6*E8/(E9*E10*E11*E12),0) -> 20
